-7,0.8683606
-6.998,0.9655824
-6.996,1.0514036
-6.994,1.1134744
-6.992,1.17632
-6.99,1.240216
-6.988,1.30486
-6.986,1.370488
-6.984,1.437088
-6.982,1.504522
-6.98,1.572868
-6.978,1.64211
-6.976,1.695678
-6.974,1.72072
-6.972,1.747722
-6.97,1.751108
-6.968,1.599646
-6.966,1.58564
-6.964,1.604244
-6.962,1.622228
-6.96,1.639982
-6.958,1.657382
-6.956,1.674218
-6.954,2.623924
-6.952,4.64642
-6.95,4.758094
-6.948,4.634182
-6.946,4.351304
-6.944,5.666582
-6.942,5.61737
-6.94,7.46716
-6.938,7.508978
-6.936,8.987526
-6.934,6.83532
-6.932,6.885406
-6.93,6.474686
-6.928,8.57708
-6.926,11.40742
-6.924,12.16402
-6.922,15.53208
-6.92,12.89766
-6.918,15.15994
-6.916,16.30772
-6.914,20.12396
-6.912,21.33888
-6.91,27.89868
-6.908,29.011
-6.906,29.29278
-6.904,31.97546
-6.902,28.36004
-6.9,28.5442
-6.898,33.44482
-6.896,40.17502
-6.894,46.07214
-6.892,50.54848
-6.89,55.88004
-6.888,55.24
-6.886,68.65972
-6.884,46.78892
-6.882,29.07186
-6.88,30.34646
-6.878,31.61438
-6.876,38.97548
-6.874,34.23038
-6.872,29.68541
-6.87,26.056084
-6.868,23.06287
-6.866,16.97216
-6.864,14.62528
-6.862,13.432378
-6.86,12.523152
-6.858,11.208312
-6.856,10.125688
-6.854,8.736836
-6.852,7.767012
-6.85,6.66005
-6.848,6.1009
-6.846,6.512398
-6.844,5.430872
-6.842,4.724792
-6.84,4.52295
-6.838,4.337952
-6.836,4.30841
-6.834,4.28145
-6.832,4.267632
-6.83,4.297512
-6.828,4.396144
-6.826,4.518672
-6.824,5.400472
-6.822,8.71424
-6.82,15.34598
-6.818,22.12544
-6.816,11.39406
-6.814,8.322
-6.812,7.40342
-6.81,6.29466
-6.808,5.626864
-6.806,8.29394
-6.804,6.35958
-6.802,10.032624
-6.8,4.69141
-6.798,4.706366
-6.796,4.922182
-6.794,5.22895
-6.792,5.536028
-6.79,5.845594
-6.788,6.13265
-6.786,6.178848
-6.784,6.11207
-6.782,6.023056
-6.78,5.851394
-6.778,5.695554
-6.776,5.654494
-6.774,5.436952
-6.772,5.294238
-6.77,5.34297
-6.768,5.120542
-6.766,5.15167
-6.764,6.00848
-6.762,5.81058
-6.76,5.563156
-6.758,5.015084
-6.756,4.410478
-6.754,3.821528
-6.752,3.352806
-6.75,2.940728
-6.748,2.600696
-6.746,2.31022
-6.744,1.989852
-6.742,1.915016
-6.74,1.868144
-6.738,1.78031
-6.736,1.642902
-6.734,1.765512
-6.732,2.213882
-6.73,2.256504
-6.728,1.920624
-6.726,1.993146
-6.724,2.072442
-6.722,2.100258
-6.72,2.096078
-6.718,2.181374
-6.716,2.367582
-6.714,2.472018
-6.712,2.546152
-6.71,2.77728
-6.708,2.855146
-6.706,2.86886
-6.704,2.92351
-6.702,2.833524
-6.7,2.47913
-6.698,2.44058
-6.696,2.3466
-6.694,2.302772
-6.692,2.514812
-6.69,2.81173
-6.688,3.01626
-6.686,3.052368
-6.684,3.20855
-6.682,2.722548
-6.68,2.678704
-6.678,2.720472
-6.676,2.800602
-6.674,2.794778
-6.672,2.695712
-6.67,2.740972
-6.668,2.83539
-6.666,3.130326
-6.664,3.42078
-6.662,4.698922
-6.66,5.88206
-6.658,4.525364
-6.656,4.435602
-6.654,4.125738
-6.652,6.765728
-6.65,4.782738
-6.648,4.452474
-6.646,3.919188
-6.644,3.994714
-6.642,4.225618
-6.64,3.979662
-6.638,4.864018
-6.636,5.861302
-6.634,5.686794
-6.632,4.811762
-6.63,3.971954
-6.628,3.39547
-6.626,3.638878
-6.624,6.031958
-6.622,5.70235
-6.62,4.593686
-6.618,5.21156
-6.616,7.17022
-6.614,6.107198
-6.612,4.749014
-6.61,5.355802
-6.608,5.131688
-6.606,6.03528
-6.604,7.068
-6.602,8.16812
-6.6,8.25048
-6.598,8.22394
-6.596,7.4054
-6.594,7.7998
-6.592,11.10778
-6.59,11.52086
-6.588,12.06884
-6.586,11.4207
-6.584,11.78206
-6.582,13.80964
-6.58,12.14294
-6.578,11.09326
-6.576,13.45836
-6.574,10.99218
-6.572,11.5092
-6.57,13.24762
-6.568,14.2657
-6.566,16.61534
-6.564,14.28488
-6.562,11.14896
-6.56,9.732
-6.558,18.04032
-6.556,20.08198
-6.554,12.38508
-6.552,16.0722
-6.55,20.13476
-6.548,29.86604
-6.546,12.615
-6.544,7.84478
-6.542,13.67668
-6.54,30.52706
-6.538,18.662
-6.536,12.8424
-6.534,6.68496
-6.532,7.67332
-6.53,10.64372
-6.528,18.20712
-6.526,12.67594
-6.524,9.94974
-6.522,8.95954
-6.52,9.79354
-6.518,11.20098
-6.516,12.0354
-6.514,11.753
-6.512,11.42418
-6.51,10.90968
-6.508,13.61414
-6.506,11.92048
-6.504,11.54266
-6.502,11.73284
-6.5,11.66594
-6.498,11.64896
-6.496,11.69768
-6.494,12.51152
-6.492,12.98988
-6.49,11.43338
-6.488,10.05954
-6.486,9.06458
-6.484,10.69908
-6.482,11.9595
-6.48,12.14352
-6.478,13.91524
-6.476,14.06064
-6.474,13.17378
-6.472,11.63678
-6.47,10.24938
-6.468,9.92722
-6.466,11.483978
-6.464,13.873748
-6.462,16.01588
-6.46,16.3015
-6.458,15.558986
-6.456,15.64736
-6.454,16.3206
-6.452,17.86114
-6.45,14.45504
-6.448,11.24312
-6.446,12.7024
-6.444,15.94092
-6.442,13.52676
-6.44,8.83542
-6.438,10.11472
-6.436,12.65534
-6.434,14.1114
-6.432,13.15064
-6.43,11.7656
-6.428,10.69866
-6.426,10.0338
-6.424,9.19148
-6.422,9.307
-6.42,10.3322
-6.418,8.24818
-6.416,7.93362
-6.414,7.13956
-6.412,6.98752
-6.41,6.36316
-6.408,6.51522
-6.406,6.95814
-6.404,7.24206
-6.402,7.0361
-6.4,7.05114
-6.398,7.01006
-6.396,6.81516
-6.394,6.6509
-6.392,6.62922
-6.39,6.48752
-6.388,6.09868
-6.386,5.82546
-6.384,5.75932
-6.382,5.75708
-6.38,6.04742
-6.378,5.02408
-6.376,4.43678
-6.374,4.58938
-6.372,4.62142
-6.37,4.31302
-6.368,4.30994
-6.366,4.23694
-6.364,3.628346
-6.362,3.592614
-6.36,3.771092
-6.358,3.779674
-6.356,3.972204
-6.354,4.00306
-6.352,3.932742
-6.35,3.789446
-6.348,3.656382
-6.346,3.529796
-6.344,3.403986
-6.342,3.279344
-6.34,3.17046
-6.338,3.1927
-6.336,3.313934
-6.334,3.424594
-6.332,3.47668
-6.33,3.37108
-6.328,3.284012
-6.326,3.196856
-6.324,3.115724
-6.322,3.227988
-6.32,3.381158
-6.318,3.485982
-6.316,3.80995
-6.314,4.61778
-6.312,5.17788
-6.31,5.40948
-6.308,5.107578
-6.306,3.913304
-6.304,3.349848
-6.302,3.554116
-6.3,4.34636
-6.298,4.24452
-6.296,3.62814
-6.294,2.97904
-6.292,2.650626
-6.29,2.614144
-6.288,2.321738
-6.286,2.294458
-6.284,2.317234
-6.282,3.188
-6.28,4.68316
-6.278,7.181418
-6.276,13.62818
-6.274,7.1284
-6.272,5.69896
-6.27,3.71091
-6.268,2.934954
-6.266,2.566276
-6.264,2.599476
-6.262,2.644318
-6.26,2.69618
-6.258,2.757298
-6.256,2.835884
-6.254,2.820462
-6.252,2.837726
-6.25,2.761652
-6.248,2.845212
-6.246,2.92626
-6.244,3.010936
-6.242,3.002392
-6.24,3.01675
-6.238,2.952434
-6.236,3.0703
-6.234,2.947552
-6.232,2.95455
-6.23,2.965502
-6.228,2.98034
-6.226,2.99788
-6.224,2.796696
-6.222,2.489582
-6.22,2.51979
-6.218,2.559362
-6.216,2.600722
-6.214,2.645686
-6.212,2.691046
-6.21,2.736212
-6.208,2.781544
-6.206,2.8271
-6.204,2.87296
-6.202,2.791192
-6.2,2.816242
-6.198,2.738806
-6.196,2.628922
-6.194,2.449508
-6.192,2.360904
-6.19,2.423286
-6.188,2.474476
-6.186,2.50859
-6.184,2.517412
-6.182,2.503746
-6.18,2.46674
-6.178,2.47193
-6.176,2.404644
-6.174,2.28498
-6.172,2.363724
-6.17,2.513188
-6.168,2.68749
-6.166,2.800146
-6.164,3.027944
-6.162,3.031726
-6.16,2.59805
-6.158,2.512272
-6.156,2.542922
-6.154,2.598792
-6.152,2.562052
-6.15,2.52819
-6.148,2.469596
-6.146,2.327064
-6.144,2.108636
-6.142,1.904902
-6.14,1.765072
-6.138,1.670118
-6.136,1.667986
-6.134,1.729392
-6.132,1.75928
-6.13,1.800604
-6.128,1.75187
-6.126,1.776506
-6.124,1.735392
-6.122,1.768806
-6.12,1.809612
-6.118,1.911994
-6.116,1.948254
-6.114,2.031242
-6.112,2.15376
-6.11,2.233582
-6.108,2.310406
-6.106,2.294728
-6.104,3.837838
-6.102,5.1308
-6.1,4.016648
-6.098,3.760052
-6.096,3.829878
-6.094,3.694532
-6.092,3.135392
-6.09,4.73086
-6.088,3.615912
-6.086,3.24616
-6.084,4.270092
-6.082,4.309892
-6.08,4.330842
-6.078,7.982476
-6.076,7.74377
-6.074,5.197896
-6.072,6.106454
-6.07,7.33326
-6.068,7.21084
-6.066,5.11342
-6.064,4.85958
-6.062,4.06845
-6.06,2.997124
-6.058,2.824528
-6.056,3.208266
-6.054,3.29192
-6.052,3.37872
-6.05,3.61064
-6.048,4.02738
-6.046,3.88916
-6.044,3.82392
-6.042,3.73284
-6.04,3.3917
-6.038,3.04256
-6.036,2.98968
-6.034,3.14972
-6.032,3.87538
-6.03,2.71614
-6.028,2.54746
-6.026,2.65954
-6.024,2.67892
-6.022,2.35732
-6.02,2.67476
-6.018,2.75516
-6.016,2.86724
-6.014,2.86904
-6.012,2.751
-6.01,2.64842
-6.008,2.59182
-6.006,2.59612
-6.004,2.62272
-6.002,2.6724
-6,2.62168
-5.998,2.52062
-5.996,2.37834
-5.994,2.23972
-5.992,2.13344
-5.99,2.02856
-5.988,1.92495
-5.986,1.822842
-5.984,1.721952
-5.982,1.623656
-5.98,1.537144
-5.978,1.456888
-5.976,1.399314
-5.974,1.351392
-5.972,1.303694
-5.97,1.2575
-5.968,1.212982
-5.966,1.168522
-5.964,1.127118
-5.962,1.087714
-5.96,1.056854
-5.958,1.030886
-5.956,1.004742
-5.954,0.98149
-5.952,0.95936
-5.95,0.939276
-5.948,0.930094
-5.946,1.15187
-5.944,1.203238
-5.942,0.72071
-5.94,0.778886
-5.938,1.220048
-5.936,0.963684
-5.934,1.080686
-5.932,1.133456
-5.93,1.165632
-5.928,1.232954
-5.926,1.251746
-5.924,1.259192
-5.922,1.311478
-5.92,1.44833
-5.918,1.45048
-5.916,1.440376
-5.914,1.432092
-5.912,1.42534
-5.91,1.433986
-5.908,1.463498
-5.906,1.49807
-5.904,1.534922
-5.902,1.582002
-5.9,1.638054
-5.898,1.703382
-5.896,1.781306
-5.894,1.88435
-5.892,1.990158
-5.89,2.142226
-5.888,2.288284
-5.886,2.470634
-5.884,2.740878
-5.882,2.97433
-5.88,3.215616
-5.878,3.462656
-5.876,3.722264
-5.874,4.00645
-5.872,4.303154
-5.87,4.604824
-5.868,4.9102
-5.866,5.22064
-5.864,5.535464
-5.862,5.854784
-5.86,6.178278
-5.858,6.506484
-5.856,6.83493
-5.854,7.166424
-5.852,7.494904
-5.85,7.5532
-5.848,7.741638
-5.846,8.005648
-5.844,8.26316
-5.842,8.40807
-5.84,8.531686
-5.838,8.65404
-5.836,8.775174
-5.834,8.7277
-5.832,8.7179
-5.83,8.659128
-5.828,8.356504
-5.826,7.753458
-5.824,6.858106
-5.822,5.978078
-5.82,5.34511
-5.818,5.157718
-5.816,5.172338
-5.814,5.186544
-5.812,5.159568
-5.81,5.121686
-5.808,5.189096
-5.806,5.472182
-5.804,6.19268
-5.802,6.87517
-5.8,7.686086
-5.798,8.284718
-5.796,7.968044
-5.794,7.036276
-5.792,6.438716
-5.79,6.21957
-5.788,6.227488
-5.786,6.507642
-5.784,6.904202
-5.782,7.200798
-5.78,7.459216
-5.778,7.718188
-5.776,7.911
-5.774,7.947254
-5.772,8.03096
-5.77,8.14
-5.768,8.336808
-5.766,8.557738
-5.764,8.595672
-5.762,7.776248
-5.76,7.104
-5.758,6.500372
-5.756,6.086094
-5.754,5.999368
-5.752,5.998112
-5.75,6.260488
-5.748,6.218988
-5.746,10.590422
-5.744,8.056722
-5.742,11.276298
-5.74,14.366488
-5.738,15.040502
-5.736,12.052556
-5.734,11.209484
-5.732,10.307824
-5.73,9.764942
-5.728,9.889772
-5.726,11.220798
-5.724,13.400146
-5.722,15.81348
-5.72,13.768682
-5.718,12.258476
-5.716,12.400056
-5.714,12.632986
-5.712,12.167686
-5.71,13.328616
-5.708,12.66
-5.706,11.48539
-5.704,10.26427
-5.702,9.47097
-5.7,8.452554
-5.698,7.384534
-5.696,6.58362
-5.694,5.681348
-5.692,5.249236
-5.69,4.796914
-5.688,4.368746
-5.686,4.002098
-5.684,3.83534
-5.682,3.814032
-5.68,4.2049
-5.678,4.413978
-5.676,4.623274
-5.674,4.745134
-5.672,4.894142
-5.67,5.034458
-5.668,5.166008
-5.666,5.366366
-5.664,5.51716
-5.662,5.556036
-5.66,5.540058
-5.658,5.388934
-5.656,5.365816
-5.654,5.369016
-5.652,5.369956
-5.65,4.558356
-5.648,3.94307
-5.646,3.981258
-5.644,4.00289
-5.642,4.102018
-5.64,4.229268
-5.638,4.350486
-5.636,4.698256
-5.634,5.137428
-5.632,5.637314
-5.63,6.14205
-5.628,6.582874
-5.626,6.884316
-5.624,7.308194
-5.622,7.98911
-5.62,9.309866
-5.618,9.488912
-5.616,8.78052
-5.614,9.355682
-5.612,9.598778
-5.61,9.781778
-5.608,9.952228
-5.606,10.061972
-5.604,10.636486
-5.602,11.14311
-5.6,11.623408
-5.598,11.592334
-5.596,11.329766
-5.594,11.208164
-5.592,11.896174
-5.59,12.514108
-5.588,13.206734
-5.586,13.975282
-5.584,19.259184
-5.582,19.11949
-5.58,7.318434
-5.578,7.538872
-5.576,7.857176
-5.574,8.207836
-5.572,8.7389
-5.57,10.151666
-5.568,11.35514
-5.566,11.713214
-5.564,11.451614
-5.562,10.981102
-5.56,11.028404
-5.558,11.82834
-5.556,14.87487
-5.554,13.052628
-5.552,11.662662
-5.55,11.398318
-5.548,11.128986
-5.546,10.961672
-5.544,10.675038
-5.542,10.343118
-5.54,10.054836
-5.538,9.784532
-5.536,9.53022
-5.534,9.27967
-5.532,9.033022
-5.53,8.99982
-5.528,8.59711
-5.526,8.203024
-5.524,7.839764
-5.522,7.535888
-5.52,7.236362
-5.518,6.978246
-5.516,6.726004
-5.514,6.48358
-5.512,6.235144
-5.51,5.9847
-5.508,5.749356
-5.506,5.47376
-5.504,5.217786
-5.502,5.026938
-5.5,4.87171
-5.498,4.755452
-5.496,4.667006
-5.494,4.60349
-5.492,4.580486
-5.49,4.564284
-5.488,4.59566
-5.486,4.69091
-5.484,4.792848
-5.482,4.923842
-5.48,5.079968
-5.478,5.229626
-5.476,5.452932
-5.474,5.680482
-5.472,5.959918
-5.47,6.433942
-5.468,6.907614
-5.466,7.368622
-5.464,7.864242
-5.462,9.149414
-5.46,9.09282
-5.458,8.465808
-5.456,7.755996
-5.454,8.158618
-5.452,8.88254
-5.45,9.814372
-5.448,10.933106
-5.446,12.189032
-5.444,13.432136
-5.442,19.740844
-5.44,17.194594
-5.438,19.820958
-5.436,19.386008
-5.434,20.9334
-5.432,22.972416
-5.43,24.831126
-5.428,32.91372
-5.426,38.699346
-5.424,38.863056
-5.422,39.373954
-5.42,40.166726
-5.418,41.757786
-5.416,43.498644
-5.414,45.40659
-5.412,48.550968
-5.41,51.128244
-5.408,52.492938
-5.406,49.049486
-5.404,45.865476
-5.402,22.347128
-5.4,15.838474
-5.398,12.25496
-5.396,12.20194
-5.394,14.47836
-5.392,15.15394
-5.39,15.70126
-5.388,15.45014
-5.386,15.19386
-5.384,14.93172
-5.382,15.12796
-5.38,15.20798
-5.378,14.94664
-5.376,14.81388
-5.374,14.80208
-5.372,14.79448
-5.37,14.7749
-5.368,14.76106
-5.366,14.6994
-5.364,14.45828
-5.362,14.15264
-5.36,13.76914
-5.358,13.31854
-5.356,12.91206
-5.354,12.7515
-5.352,12.58476
-5.35,12.41206
-5.348,12.23262
-5.346,12.04654
-5.344,11.85424
-5.342,11.7092
-5.34,11.63626
-5.338,11.4931
-5.336,17.99718
-5.334,13.2742
-5.332,11.25408
-5.33,10.877
-5.328,10.834
-5.326,10.77448
-5.324,10.67988
-5.322,10.49924
-5.32,10.171
-5.318,9.53806
-5.316,9.21214
-5.314,8.95832
-5.312,8.66868
-5.31,8.6953
-5.308,8.63728
-5.306,8.49894
-5.304,7.75288
-5.302,7.08684
-5.3,5.64516
-5.298,4.15076
-5.296,3.425294
-5.294,2.869044
-5.292,2.677178
-5.29,2.500502
-5.288,2.165214
-5.286,2.194882
-5.284,2.34953
-5.282,2.520276
-5.28,2.754834
-5.278,3.007036
-5.276,3.334714
-5.274,4.51987
-5.272,4.210552
-5.27,4.69974
-5.268,5.204876
-5.266,5.515276
-5.264,5.712582
-5.262,6.1936
-5.26,6.55874
-5.258,6.90359
-5.256,7.225644
-5.254,7.390964
-5.252,7.461078
-5.25,7.542422
-5.248,7.641336
-5.246,7.743904
-5.244,7.626656
-5.242,6.094272
-5.24,6.227648
-5.238,6.153868
-5.236,6.003454
-5.234,5.813654
-5.232,5.434588
-5.23,5.05148
-5.228,4.678578
-5.226,4.418476
-5.224,3.34549
-5.222,3.383918
-5.22,3.460618
-5.218,3.565168
-5.216,3.671776
-5.214,3.779942
-5.212,3.889862
-5.21,4.211712
-5.208,9.79212
-5.206,15.438652
-5.204,15.427236
-5.202,12.91905
-5.2,10.754062
-5.198,11.140328
-5.196,12.029954
-5.194,10.781288
-5.192,9.504616
-5.19,8.203264
-5.188,7.864638
-5.186,7.893768
-5.184,7.711976
-5.182,6.527604
-5.18,6.483004
-5.178,6.280552
-5.176,7.108868
-5.174,8.484906
-5.172,9.22344
-5.17,10.12584
-5.168,9.73044
-5.166,9.4091
-5.164,8.98252
-5.162,7.9715
-5.16,12.43936
-5.158,6.11301
-5.156,5.443312
-5.154,5.484328
-5.152,6.094254
-5.15,7.114342
-5.148,6.308802
-5.146,5.11645
-5.144,3.444594
-5.142,3.19143
-5.14,3.417014
-5.138,4.019292
-5.136,4.518866
-5.134,4.788444
-5.132,4.792734
-5.13,4.57857
-5.128,4.328834
-5.126,4.168714
-5.124,4.025596
-5.122,3.88236
-5.12,3.735072
-5.118,3.824542
-5.116,4.307274
-5.114,4.769918
-5.112,5.381476
-5.11,5.955068
-5.108,6.021788
-5.106,6.012046
-5.104,5.971894
-5.102,5.933672
-5.1,5.80543
-5.098,5.636596
-5.096,5.470714
-5.094,5.30744
-5.092,5.145778
-5.09,4.986906
-5.088,4.830684
-5.086,6.084748
-5.084,8.644614
-5.082,11.15539
-5.08,8.092854
-5.078,4.6777
-5.076,4.608516
-5.074,4.89053
-5.072,5.656626
-5.07,6.426418
-5.068,7.213592
-5.066,8.061508
-5.064,9.28032
-5.062,10.650482
-5.06,19.822712
-5.058,13.084074
-5.056,3.90516
-5.054,1.050617
-5.052,18.193252
-5.05,12.188134
-5.048,10.326916
-5.046,8.92284
-5.044,8.810494
-5.042,8.318254
-5.04,7.83421
-5.038,7.358482
-5.036,6.914368
-5.034,6.488432
-5.032,6.078884
-5.03,5.492842
-5.028,4.881814
-5.026,4.37731
-5.024,4.038702
-5.022,3.720416
-5.02,3.409704
-5.018,3.106484
-5.016,2.810928
-5.014,2.52297
-5.012,2.242304
-5.01,1.969372
-5.008,1.703916
-5.006,1.4459998
-5.004,1.2052238
-5.002,1.0204464
-5,0.8732246
-4.998,0.7328324
-4.996,0.6368376
-4.994,3.988428
-4.992,4.733344
-4.99,1.7427326
-4.988,1.4611236
-4.986,1.4124992
-4.984,1.4296604
-4.982,1.448578
-4.98,3.43677
-4.978,2.429848
-4.976,2.120716
-4.974,1.933228
-4.972,1.835662
-4.97,1.751618
-4.968,1.680072
-4.966,1.612112
-4.964,1.55663
-4.962,1.51115
-4.96,1.474066
-4.958,1.438926
-4.956,1.410068
-4.954,1.384284
-4.952,1.360002
-4.95,1.338358
-4.948,1.317306
-4.946,1.29689
-4.944,1.277122
-4.942,1.25796
-4.94,1.23944
-4.938,1.221498
-4.936,1.204176
-4.934,1.19237
-4.932,1.194606
-4.93,1.208414
-4.928,1.222152
-4.926,1.235754
-4.924,1.249396
-4.922,1.262908
-4.92,1.276406
-4.918,1.292614
-4.916,1.31504
-4.914,1.338576
-4.912,1.362032
-4.91,1.385776
-4.908,1.409522
-4.906,1.433374
-4.904,1.45723
-4.902,1.481208
-4.9,1.50526
-4.898,1.529434
-4.896,1.553636
-4.894,1.577938
-4.892,1.602358
-4.89,1.626824
-4.888,1.615396
-4.886,1.471496
-4.884,1.284666
-4.882,1.319636
-4.88,1.340298
-4.878,1.332832
-4.876,1.354782
-4.874,1.37682
-4.872,1.398842
-4.87,1.421022
-4.868,1.44322
-4.866,1.464604
-4.864,1.439626
-4.862,1.395554
-4.86,1.380846
-4.858,1.3892054
-4.856,1.3971742
-4.854,1.3848032
-4.852,1.3660868
-4.85,1.3469624
-4.848,1.327584
-4.846,1.3144218
-4.844,1.342399
-4.842,1.3880732
-4.84,1.4220652
-4.838,1.4215428
-4.836,1.420794
-4.834,1.4199274
-4.832,1.4189446
-4.83,1.4187692
-4.828,1.4185652
-4.826,1.4174536
-4.824,1.4157978
-4.822,1.4095892
-4.82,1.39085
-4.818,1.3726776
-4.816,1.3990236
-4.814,1.3907668
-4.812,1.4247214
-4.81,1.4393366
-4.808,1.575494
-4.806,1.8833224
-4.804,2.642396
-4.802,2.687902
-4.8,2.68264
-4.798,2.64808
-4.796,2.602758
-4.794,2.54999
-4.792,2.489899
-4.79,2.4223384
-4.788,2.3473202
-4.786,2.390792
-4.784,2.4413682
-4.782,2.5070834
-4.78,2.5890316
-4.778,2.6803464
-4.776,2.7719808
-4.774,2.8648392
-4.772,2.9696962
-4.77,3.0780392
-4.768,3.1868478
-4.766,3.2967644
-4.764,3.4072492
-4.762,3.524768
-4.76,3.646952
-4.758,3.790648
-4.756,3.9445
-4.754,4.100198
-4.752,4.257792
-4.75,4.417336
-4.748,4.57756
-4.746,4.73875
-4.744,4.901608
-4.742,5.067496
-4.74,5.237084
-4.738,5.498236
-4.736,5.708354
-4.734,5.995828
-4.732,6.277552
-4.73,6.459004
-4.728,6.632706
-4.726,6.787474
-4.724,6.83305
-4.722,6.878048
-4.72,7.333544
-4.718,7.286828
-4.716,7.237408
-4.714,7.184292
-4.712,7.128854
-4.71,7.069954
-4.708,8.547478
-4.706,9.93572
-4.704,9.914964
-4.702,9.359044
-4.7,8.943202
-4.698,9.033134
-4.696,9.881836
-4.694,14.548038
-4.692,16.753758
-4.69,17.752966
-4.688,18.950098
-4.686,20.437356
-4.684,22.80223
-4.682,24.557686
-4.68,28.19046
-4.678,29.28368
-4.676,30.532556
-4.674,30.085832
-4.672,29.082336
-4.67,28.615672
-4.668,28.253248
-4.666,28.625962
-4.664,28.747434
-4.662,33.558498
-4.66,37.003894
-4.658,45.84676
-4.656,38.058832
-4.654,22.701354
-4.652,18.75578
-4.65,31.298438
-4.648,44.227758
-4.646,28.71288
-4.644,28.745888
-4.642,30.151234
-4.64,36.420466
-4.638,34.088442
-4.636,28.910692
-4.634,24.073204
-4.632,21.079954
-4.63,19.257824
-4.628,18.121594
-4.626,16.99289
-4.624,16.090498
-4.622,15.793062
-4.62,15.387164
-4.618,15.44152
-4.616,16.550418
-4.614,17.504818
-4.612,17.75783
-4.61,18.009042
-4.608,19.286444
-4.606,20.477494
-4.604,20.7484
-4.602,20.378242
-4.6,18.941216
-4.598,17.071252
-4.596,13.302214
-4.594,11.673382
-4.592,9.90573
-4.59,8.919448
-4.588,7.73338
-4.586,7.001912
-4.584,6.496972
-4.582,6.07523
-4.58,5.692928
-4.578,5.318746
-4.576,4.953456
-4.574,4.598228
-4.572,4.30164
-4.57,4.011568
-4.568,3.77961
-4.566,3.656666
-4.564,3.479424
-4.562,3.348
-4.56,3.390434
-4.558,3.27379
-4.556,3.159554
-4.554,3.054984
-4.552,2.962628
-4.55,2.880788
-4.548,2.805112
-4.546,2.735172
-4.544,2.692478
-4.542,2.675812
-4.54,2.662652
-4.538,2.650158
-4.536,2.638908
-4.534,2.90834
-4.532,2.990692
-4.53,3.060012
-4.528,3.030656
-4.526,3.007974
-4.524,2.99126
-4.522,2.972764
-4.52,3.259342
-4.518,3.704386
-4.516,3.919112
-4.514,3.422558
-4.512,3.436424
-4.51,3.452302
-4.508,3.468266
-4.506,3.484616
-4.504,3.501538
-4.502,3.518582
-4.5,3.535996
-4.498,3.699598
-4.496,3.988586
-4.494,4.210962
-4.492,4.454592
-4.49,4.86815
-4.488,5.301728
-4.486,7.409438
-4.484,7.180718
-4.482,6.98237
-4.48,6.937322
-4.478,6.791678
-4.476,6.617086
-4.474,6.447404
-4.472,6.157308
-4.47,5.628972
-4.468,5.159214
-4.466,4.052674
-4.464,2.95329
-4.462,2.485002
-4.46,2.182762
-4.458,2.089604
-4.456,2.060284
-4.454,2.117794
-4.452,2.186346
-4.45,2.219872
-4.448,2.202534
-4.446,2.165768
-4.444,2.052444
-4.442,1.983514
-4.44,1.94954
-4.438,1.881236
-4.436,1.855742
-4.434,1.779756
-4.432,1.781098
-4.43,1.857394
-4.428,1.934494
-4.426,2.012284
-4.424,2.0909
-4.422,2.170174
-4.42,2.340342
-4.418,2.528336
-4.416,2.717204
-4.414,2.907406
-4.412,3.240044
-4.41,3.610566
-4.408,3.983008
-4.406,4.35699
-4.404,4.806208
-4.402,5.148132
-4.4,5.888924
-4.398,6.600014
-4.396,7.495814
-4.394,10.926612
-4.392,12.018872
-4.39,10.224492
-4.388,8.64609
-4.386,8.320848
-4.384,6.971758
-4.382,9.33407
-4.38,7.20733
-4.378,4.342406
-4.376,3.876066
-4.374,3.412948
-4.372,3.15144
-4.37,2.983024
-4.368,2.884472
-4.366,2.786704
-4.364,2.690432
-4.362,2.595182
-4.36,2.500516
-4.358,2.407658
-4.356,2.315494
-4.354,2.224902
-4.352,2.189462
-4.35,2.249376
-4.348,2.287296
-4.346,2.544586
-4.344,2.718444
-4.342,2.90998
-4.34,3.127252
-4.338,3.247794
-4.336,3.239592
-4.334,3.22116
-4.332,3.193866
-4.33,3.157874
-4.328,3.113222
-4.326,3.060016
-4.324,2.997608
-4.322,2.485652
-4.32,2.265554
-4.318,2.04995
-4.316,1.845744
-4.314,1.75782
-4.312,1.726132
-4.31,1.696784
-4.308,1.671598
-4.306,1.664404
-4.304,1.660628
-4.302,1.656862
-4.3,1.653748
-4.298,1.650842
-4.296,1.648354
-4.294,1.64618
-4.292,1.651066
-4.29,1.66763
-4.288,1.677252
-4.286,1.684994
-4.284,1.709174
-4.282,1.742726
-4.28,2.326264
-4.278,2.248354
-4.276,2.150432
-4.274,2.05586
-4.272,1.965868
-4.27,1.87975
-4.268,1.797826
-4.266,1.720032
-4.264,1.646502
-4.262,1.577048
-4.26,1.4739094
-4.258,1.427678
-4.256,1.3421952
-4.254,1.3341402
-4.252,1.685474
-4.25,2.530032
-4.248,2.172242
-4.246,1.6083404
-4.244,1.4841762
-4.242,1.4707794
-4.24,1.4182736
-4.238,1.3666784
-4.236,1.3159116
-4.234,1.3284674
-4.232,1.2814656
-4.23,1.235178
-4.228,1.1895264
-4.226,1.1479064
-4.224,1.1060844
-4.222,1.0600174
-4.22,1.0414898
-4.218,1.0076158
-4.216,0.9682262
-4.214,0.9334982
-4.212,0.9045138
-4.21,0.9347064
-4.208,0.947558
-4.206,0.945274
-4.204,0.950938
-4.202,0.917824
-4.2,0.7636472
-4.198,0.734979
-4.196,0.7530654
-4.194,0.77192
-4.192,0.796838
-4.19,0.827382
-4.188,0.863696
-4.186,0.900686
-4.184,0.938264
-4.182,0.976512
-4.18,1.02555
-4.178,1.067396
-4.176,1.116842
-4.174,1.166994
-4.172,1.225716
-4.17,1.298096
-4.168,1.402896
-4.166,1.537582
-4.164,1.746726
-4.162,2.111092
-4.16,2.136444
-4.158,2.004448
-4.156,1.885946
-4.154,1.733598
-4.152,1.745904
-4.15,2.010586
-4.148,2.201454
-4.146,3.03031
-4.144,3.984574
-4.142,4.333876
-4.14,4.647822
-4.138,5.089264
-4.136,5.0361
-4.134,4.967898
-4.132,5.455754
-4.13,6.342626
-4.128,5.493522
-4.126,5.422956
-4.124,3.181924
-4.122,4.051854
-4.12,5.00363
-4.118,5.991712
-4.116,6.38598
-4.114,6.028316
-4.112,5.822748
-4.11,5.045186
-4.108,5.072726
-4.106,5.407184
-4.104,5.614956
-4.102,5.932994
-4.1,5.294184
-4.098,4.855718
-4.096,5.01305
-4.094,4.521442
-4.092,4.430304
-4.09,4.674302
-4.088,5.306812
-4.086,5.989476
-4.084,6.300976
-4.082,7.181308
-4.08,8.826642
-4.078,12.0075
-4.076,11.251512
-4.074,9.924684
-4.072,11.19282
-4.07,11.34209
-4.068,11.422316
-4.066,11.79108
-4.064,12.723632
-4.062,13.701674
-4.06,13.713258
-4.058,12.043274
-4.056,10.353796
-4.054,8.48265
-4.052,8.079584
-4.05,9.456872
-4.048,9.133044
-4.046,10.356
-4.044,9.7725
-4.042,8.46652
-4.04,8.19968
-4.038,7.54534
-4.036,7.072658
-4.034,6.932984
-4.032,6.821578
-4.03,6.842932
-4.028,6.625094
-4.026,7.18862
-4.024,7.72646
-4.022,7.66706
-4.02,7.22956
-4.018,6.43164
-4.016,5.7218
-4.014,5.37364
-4.012,5.31352
-4.01,5.05578
-4.008,4.750456
-4.006,4.38911
-4.004,3.993534
-4.002,3.650036
-4,4.532854
-3.998,7.30406
-3.996,6.41812
-3.994,5.6824
-3.992,4.80616
-3.99,4.11756
-3.988,4.56938
-3.986,4.7797
-3.984,6.90664
-3.982,5.69584
-3.98,5.198156
-3.978,4.870788
-3.976,4.718406
-3.974,4.54428
-3.972,4.498708
-3.97,7.01038
-3.968,7.26226
-3.966,8.0394
-3.964,6.929882
-3.962,5.941982
-3.96,5.617714
-3.958,5.59574
-3.956,5.909934
-3.954,5.15748
-3.952,5.035778
-3.95,4.809228
-3.948,4.861408
-3.946,4.621678
-3.944,4.55287
-3.942,4.247792
-3.94,4.114894
-3.938,4.144544
-3.936,4.250916
-3.934,4.41835
-3.932,4.575794
-3.93,4.538
-3.928,4.21192
-3.926,3.424316
-3.924,3.026146
-3.922,2.819154
-3.92,2.614464
-3.918,2.5879
-3.916,2.891724
-3.914,2.96389
-3.912,3.016458
-3.91,3.03552
-3.908,3.35142
-3.906,3.66644
-3.904,3.78282
-3.902,3.645
-3.9,3.4223
-3.898,3.46456
-3.896,3.76896
-3.894,3.55722
-3.892,3.18076
-3.89,2.92062
-3.888,3.03892
-3.886,3.39828
-3.884,5.1491
-3.882,2.6401
-3.88,3.62878
-3.878,3.3048
-3.876,3.24952
-3.874,2.62928
-3.872,2.82806
-3.87,3.22042
-3.868,3.58396
-3.866,4.20572
-3.864,3.2393
-3.862,3.22332
-3.86,3.89432
-3.858,4.22936
-3.856,3.74614
-3.854,4.3336
-3.852,3.33414
-3.85,4.67828
-3.848,3.8851
-3.846,3.79516
-3.844,4.42332
-3.842,4.62358
-3.84,4.4356
-3.838,4.34988
-3.836,3.786104
-3.834,3.492786
-3.832,4.0708
-3.83,7.55748
-3.828,3.877642
-3.826,3.670214
-3.824,3.599876
-3.822,4.03799
-3.82,4.314604
-3.818,4.8342
-3.816,4.534656
-3.814,4.44914
-3.812,4.20706
-3.81,4.20778
-3.808,3.312546
-3.806,3.080628
-3.804,2.91525
-3.802,2.906474
-3.8,3.395922
-3.798,4.39595
-3.796,4.145956
-3.794,4.445082
-3.792,4.14488
-3.79,4.219294
-3.788,4.238276
-3.786,3.609224
-3.784,3.086598
-3.782,3.29569
-3.78,3.691756
-3.778,4.16338
-3.776,3.837866
-3.774,3.386672
-3.772,3.008392
-3.77,2.833786
-3.768,2.983842
-3.766,3.64852
-3.764,3.12798
-3.762,2.87424
-3.76,3.226014
-3.758,3.522324
-3.756,3.487562
-3.754,3.564072
-3.752,3.59793
-3.75,3.708668
-3.748,3.863758
-3.746,4.08747
-3.744,4.238392
-3.742,3.932678
-3.74,4.36712
-3.738,3.475186
-3.736,3.486784
-3.734,3.506696
-3.732,3.554444
-3.73,4.565056
-3.728,8.27612
-3.726,3.809604
-3.724,6.93806
-3.722,4.83112
-3.72,4.50554
-3.718,4.354444
-3.716,4.178806
-3.714,4.09626
-3.712,4.071516
-3.71,4.089682
-3.708,4.111858
-3.706,4.132818
-3.704,4.11344
-3.702,4.265184
-3.7,4.414922
-3.698,4.828346
-3.696,4.94337
-3.694,4.727574
-3.692,4.514384
-3.69,4.331054
-3.688,4.644614
-3.686,5.405286
-3.684,5.715166
-3.682,6.35804
-3.68,6.34396
-3.678,6.25385
-3.676,7.0645
-3.674,6.68366
-3.672,5.31154
-3.67,4.92344
-3.668,4.71338
-3.666,4.51762
-3.664,4.04668
-3.662,4.12678
-3.66,6.262
-3.658,8.0398
-3.656,8.7397
-3.654,9.03932
-3.652,9.93886
-3.65,9.98336
-3.648,10.46226
-3.646,10.56646
-3.644,11.39334
-3.642,9.59506
-3.64,8.0833
-3.638,7.44566
-3.636,7.6695
-3.634,8.10208
-3.632,8.6359
-3.63,8.79244
-3.628,8.21202
-3.626,8.18764
-3.624,8.09408
-3.622,8.35598
-3.62,8.7377
-3.618,9.23486
-3.616,9.47494
-3.614,10.12446
-3.612,11.36646
-3.61,12.49222
-3.608,13.62496
-3.606,13.62366
-3.604,15.08166
-3.602,17.02236
-3.6,21.96336
-3.598,16.2485
-3.596,15.902
-3.594,16.86088
-3.592,18.05194
-3.59,20.988
-3.588,25.30762
-3.586,29.63128
-3.584,34.14066
-3.582,41.75276
-3.58,38.82112
-3.578,39.94392
-3.576,37.97684
-3.574,37.06168
-3.572,38.35992
-3.57,41.4261
-3.568,50.2525
-3.566,48.55852
-3.564,44.41136
-3.562,38.26416
-3.56,31.4578
-3.558,35.07526
-3.556,39.00246
-3.554,31.95492
-3.552,27.5558
-3.55,22.34094
-3.548,19.46638
-3.546,18.47588
-3.544,15.5561
-3.542,14.69336
-3.54,14.43116
-3.538,13.97496
-3.536,19.25984
-3.534,18.69258
-3.532,13.21098
-3.53,11.00564
-3.528,9.43062
-3.526,8.35244
-3.524,7.8047
-3.522,6.78922
-3.52,5.9956
-3.518,5.90726
-3.516,5.9085
-3.514,6.94712
-3.512,7.93784
-3.51,6.24142
-3.508,6.56326
-3.506,6.95138
-3.504,8.0285
-3.502,8.06838
-3.5,7.12076
-3.498,6.58276
-3.496,6.5222
-3.494,6.8523
-3.492,8.52322
-3.49,8.04928
-3.488,7.21784
-3.486,7.1292
-3.484,6.57148
-3.482,5.27306
-3.48,5.05818
-3.478,5.92234
-3.476,5.11882
-3.474,5.14398
-3.472,4.97978
-3.47,4.59784
-3.468,4.39068
-3.466,4.3273
-3.464,4.27838
-3.462,4.39654
-3.46,4.72288
-3.458,5.12052
-3.456,5.73016
-3.454,6.34468
-3.452,6.27644
-3.45,5.7587
-3.448,4.22892
-3.446,4.04668
-3.444,3.97948
-3.442,4.12574
-3.44,4.91512
-3.438,5.50392
-3.436,5.33166
-3.434,5.02786
-3.432,4.95602
-3.43,6.19368
-3.428,4.62424
-3.426,4.80006
-3.424,5.4784
-3.422,6.5605
-3.42,6.24482
-3.418,6.53126
-3.416,6.77284
-3.414,7.0566
-3.412,6.5504
-3.41,6.73904
-3.408,7.15444
-3.406,6.48194
-3.404,5.9501
-3.402,4.90864
-3.4,6.94296
-3.398,6.74432
-3.396,5.51626
-3.394,5.16252
-3.392,5.23682
-3.39,5.2946
-3.388,5.46654
-3.386,5.713
-3.384,6.22922
-3.382,7.11778
-3.38,7.96822
-3.378,6.79056
-3.376,6.76574
-3.374,6.21934
-3.372,5.70488
-3.37,4.70904
-3.368,4.79758
-3.366,5.03078
-3.364,5.40074
-3.362,6.12782
-3.36,5.83404
-3.358,7.4593
-3.356,5.92432
-3.354,5.99824
-3.352,5.61724
-3.35,5.60226
-3.348,6.32538
-3.346,7.2788
-3.344,7.54204
-3.342,7.53868
-3.34,7.39436
-3.338,6.79718
-3.336,6.2767
-3.334,6.37428
-3.332,6.62166
-3.33,6.83116
-3.328,5.90738
-3.326,5.8313
-3.324,5.55992
-3.322,4.9438
-3.32,4.52716
-3.318,4.55068
-3.316,5.23252
-3.314,5.5419
-3.312,5.70482
-3.31,5.25388
-3.308,5.01756
-3.306,4.62526
-3.304,4.48414
-3.302,4.3607
-3.3,4.44286
-3.298,4.90132
-3.296,5.21924
-3.294,5.39282
-3.292,6.58664
-3.29,5.77468
-3.288,5.12652
-3.286,5.9453
-3.284,6.85284
-3.282,6.80528
-3.28,6.6939
-3.278,6.41482
-3.276,6.43088
-3.274,6.16458
-3.272,6.01552
-3.27,5.78644
-3.268,5.64976
-3.266,5.59858
-3.264,5.80818
-3.262,5.7605
-3.26,5.80672
-3.258,5.83736
-3.256,5.90932
-3.254,5.85738
-3.252,5.56454
-3.25,5.36728
-3.248,5.20702
-3.246,4.95566
-3.244,4.62624
-3.242,4.44342
-3.24,5.05598
-3.238,4.63532
-3.236,4.42694
-3.234,4.71524
-3.232,4.9314
-3.23,4.82454
-3.228,4.74848
-3.226,4.69864
-3.224,4.69834
-3.222,4.68756
-3.22,4.75476
-3.218,4.61714
-3.216,4.14498
-3.214,4.19776
-3.212,4.61106
-3.21,4.9366
-3.208,5.57864
-3.206,6.17106
-3.204,5.56884
-3.202,5.03286
-3.2,4.75372
-3.198,4.74742
-3.196,4.6462
-3.194,4.28732
-3.192,3.81214
-3.19,3.67608
-3.188,5.13246
-3.186,5.14604
-3.184,5.25312
-3.182,5.41224
-3.18,5.48644
-3.178,6.60118
-3.176,6.98124
-3.174,6.90858
-3.172,6.06944
-3.17,5.88782
-3.168,5.70666
-3.166,5.65156
-3.164,5.5728
-3.162,5.6598
-3.16,5.69222
-3.158,5.5244
-3.156,5.43346
-3.154,5.49088
-3.152,5.46442
-3.15,5.99304
-3.148,6.87868
-3.146,7.21472
-3.144,5.57926
-3.142,5.7849
-3.14,6.0286
-3.138,6.91248
-3.136,5.03586
-3.134,5.00144
-3.132,5.0081
-3.13,4.84474
-3.128,4.6278
-3.126,4.68622
-3.124,4.74568
-3.122,5.10776
-3.12,5.91918
-3.118,6.7255
-3.116,7.56182
-3.114,7.6757
-3.112,7.3173
-3.11,7.00224
-3.108,6.50308
-3.106,6.43162
-3.104,6.09706
-3.102,5.9144
-3.1,5.78634
-3.098,5.5694
-3.096,5.40516
-3.094,5.69342
-3.092,5.54068
-3.09,5.28588
-3.088,5.11658
-3.086,4.9836
-3.084,4.84476
-3.082,5.22918
-3.08,5.48174
-3.078,5.29902
-3.076,4.88308
-3.074,4.68228
-3.072,4.9551
-3.07,6.79264
-3.068,11.81464
-3.066,5.62232
-3.064,5.10646
-3.062,4.98376
-3.06,4.8653
-3.058,4.69996
-3.056,4.66058
-3.054,4.68832
-3.052,4.82454
-3.05,5.06264
-3.048,5.60018
-3.046,6.0419
-3.044,5.4712
-3.042,5.40676
-3.04,5.59786
-3.038,5.5636
-3.036,6.01478
-3.034,5.98136
-3.032,5.92876
-3.03,5.78382
-3.028,5.68832
-3.026,5.67688
-3.024,5.87248
-3.022,6.08078
-3.02,6.1638
-3.018,6.0103
-3.016,6.07952
-3.014,5.96734
-3.012,5.9071
-3.01,5.9015
-3.008,6.06236
-3.006,6.15482
-3.004,6.15154
-3.002,6.11698
-3,6.2488
-2.998,6.64512
-2.996,6.73966
-2.994,6.53776
-2.992,6.06146
-2.99,5.91068
-2.988,5.83682
-2.986,5.8387
-2.984,6.26394
-2.982,6.40846
-2.98,6.7562
-2.978,6.62006
-2.976,6.37948
-2.974,6.3415
-2.972,6.25548
-2.97,6.06632
-2.968,5.86044
-2.966,5.89116
-2.964,6.19228
-2.962,6.02326
-2.96,5.90054
-2.958,5.78799
-2.956,5.665114
-2.954,5.584862
-2.952,5.467162
-2.95,5.460288
-2.948,5.556302
-2.946,5.321218
-2.944,5.258866
-2.942,5.83836
-2.94,5.589794
-2.938,5.276604
-2.936,5.051802
-2.934,4.935458
-2.932,6.098762
-2.93,5.19173
-2.928,4.622248
-2.926,4.597254
-2.924,4.365666
-2.922,4.48416
-2.92,4.587856
-2.918,4.715498
-2.916,4.748864
-2.914,4.51535
-2.912,4.003146
-2.91,3.82444
-2.908,3.939234
-2.906,4.066022
-2.904,5.125568
-2.902,5.1035
-2.9,4.663258
-2.898,3.963986
-2.896,3.73211
-2.894,3.754406
-2.892,3.814324
-2.89,4.082458
-2.888,4.241562
-2.886,4.2323
-2.884,4.58166
-2.882,4.14272
-2.88,4.08114
-2.878,4.1379
-2.876,4.46288
-2.874,4.4758
-2.872,4.42886
-2.87,4.68104
-2.868,5.4902
-2.866,4.83652
-2.864,4.28522
-2.862,4.12208
-2.86,4.02684
-2.858,4.05914
-2.856,4.08908
-2.854,4.04258
-2.852,3.98564
-2.85,3.853192
-2.848,3.769846
-2.846,3.693786
-2.844,3.757586
-2.842,3.915154
-2.84,4.232722
-2.838,3.810014
-2.836,3.96849
-2.834,5.499632
-2.832,4.935668
-2.83,4.85539
-2.828,4.93549
-2.826,4.923524
-2.824,4.82099
-2.822,5.954668
-2.82,6.912524
-2.818,5.55269
-2.816,5.246512
-2.814,5.592312
-2.812,5.31856
-2.81,5.323572
-2.808,5.494064
-2.806,6.260048
-2.804,6.430104
-2.802,5.05963
-2.8,4.910692
-2.798,4.883252
-2.796,4.821756
-2.794,4.684164
-2.792,4.681598
-2.79,4.65504
-2.788,4.610268
-2.786,4.316172
-2.784,4.280358
-2.782,4.154934
-2.78,4.073302
-2.778,4.074298
-2.776,4.090484
-2.774,4.133404
-2.772,4.201228
-2.77,4.241524
-2.768,4.288634
-2.766,4.28106
-2.764,4.240324
-2.762,4.212816
-2.76,4.210596
-2.758,4.200914
-2.756,4.21253
-2.754,4.170488
-2.752,4.33494
-2.75,4.835254
-2.748,4.863892
-2.746,5.00381
-2.744,4.692278
-2.742,3.989256
-2.74,3.928336
-2.738,4.77933
-2.736,4.508576
-2.734,3.822376
-2.732,3.84059
-2.73,3.85541
-2.728,3.88556
-2.726,3.986944
-2.724,5.216324
-2.722,5.190496
-2.72,4.747166
-2.718,3.839536
-2.716,3.62184
-2.714,3.558676
-2.712,3.553284
-2.71,3.579756
-2.708,3.690632
-2.706,3.6945
-2.704,3.637568
-2.702,3.642114
-2.7,3.59041
-2.698,3.54838
-2.696,3.547872
-2.694,3.511402
-2.692,3.691174
-2.69,3.877376
-2.688,3.932834
-2.686,4.02661
-2.684,3.959966
-2.682,3.88578
-2.68,3.794788
-2.678,3.681654
-2.676,3.518094
-2.674,3.120874
-2.672,3.060824
-2.67,3.157546
-2.668,3.214646
-2.666,3.258758
-2.664,3.356662
-2.662,3.544668
-2.66,3.926158
-2.658,3.465504
-2.656,3.247964
-2.654,3.151958
-2.652,3.07846
-2.65,3.038802
-2.648,4.169142
-2.646,4.973104
-2.644,4.676368
-2.642,3.820826
-2.64,2.987662
-2.638,2.694036
-2.636,2.586534
-2.634,2.561546
-2.632,2.669888
-2.63,2.771578
-2.628,2.614942
-2.626,2.63896
-2.624,2.671504
-2.622,2.824514
-2.62,2.975078
-2.618,3.175974
-2.616,3.203156
-2.614,2.64918
-2.612,2.646872
-2.61,2.829366
-2.608,2.60333
-2.606,2.326662
-2.604,2.200088
-2.602,2.159554
-2.6,2.122464
-2.598,2.06937
-2.596,2.088818
-2.594,2.06782
-2.592,2.09337
-2.59,2.114944
-2.588,2.48497
-2.586,2.09229
-2.584,2.009408
-2.582,2.008516
-2.58,2.19878
-2.578,2.148698
-2.576,2.116492
-2.574,1.827478
-2.572,1.69706
-2.57,1.687296
-2.568,1.639792
-2.566,1.660526
-2.564,1.681582
-2.562,1.689834
-2.56,1.725082
-2.558,1.766958
-2.556,2.791462
-2.554,1.82687
-2.552,1.665676
-2.55,1.639886
-2.548,1.632766
-2.546,1.770446
-2.544,1.844862
-2.542,1.963238
-2.54,2.284376
-2.538,2.627106
-2.536,2.145378
-2.534,1.753194
-2.532,1.711056
-2.53,1.678668
-2.528,1.664762
-2.526,1.659096
-2.524,1.637354
-2.522,1.622696
-2.52,1.740146
-2.518,1.701628
-2.516,1.552134
-2.514,1.495956
-2.512,1.98791
-2.51,1.549152
-2.508,1.349622
-2.506,1.30544
-2.504,1.349768
-2.502,1.345052
-2.5,1.372504
-2.498,1.334452
-2.496,1.412338
-2.494,1.51696
-2.492,1.477074
-2.49,1.395498
-2.488,1.349014
-2.486,1.234424
-2.484,1.150526
-2.482,1.092818
-2.48,1.104438
-2.478,1.133294
-2.476,1.231804
-2.474,1.290896
-2.472,1.252814
-2.47,1.203392
-2.468,1.174586
-2.466,1.156976
-2.464,1.19264
-2.462,1.33379
-2.46,1.350242
-2.458,1.575028
-2.456,1.514442
-2.454,1.499374
-2.452,1.43124
-2.45,1.295684
-2.448,1.281754
-2.446,1.297594
-2.444,1.318862
-2.442,1.330466
-2.44,1.215642
-2.438,1.304782
-2.436,1.345192
-2.434,1.316234
-2.432,1.32287
-2.43,1.395306
-2.428,1.394844
-2.426,1.381528
-2.424,1.352162
-2.422,1.31615
-2.42,1.303162
-2.418,1.30881
-2.416,1.162666
-2.414,1.162794
-2.412,1.385238
-2.41,1.60886
-2.408,1.728088
-2.406,1.742274
-2.404,1.695218
-2.402,1.581736
-2.4,1.473886
-2.398,1.441516
-2.396,1.461828
-2.394,1.344476
-2.392,1.8323
-2.39,1.817072
-2.388,1.824428
-2.386,1.76623
-2.384,1.682412
-2.382,1.770106
-2.38,1.706104
-2.378,1.750942
-2.376,1.832026
-2.374,1.787484
-2.372,1.821198
-2.37,1.725924
-2.368,1.541462
-2.366,1.49563
-2.364,1.561744
-2.362,1.63916
-2.36,1.785088
-2.358,1.765768
-2.356,1.736274
-2.354,1.779964
-2.352,1.873016
-2.35,2.001514
-2.348,2.16684
-2.346,2.037166
-2.344,2.299812
-2.342,2.17088
-2.34,2.22982
-2.338,1.920978
-2.336,2.1901
-2.334,1.870884
-2.332,1.610608
-2.33,1.71422
-2.328,1.568726
-2.326,1.346134
-2.324,1.392652
-2.322,1.698418
-2.32,1.305582
-2.318,1.65038
-2.316,1.659246
-2.314,1.528288
-2.312,1.488878
-2.31,1.246242
-2.308,1.105172
-2.306,1.06311
-2.304,0.983082
-2.302,1.254108
-2.3,1.388412
-2.298,1.402262
-2.296,1.443368
-2.294,1.521738
-2.292,1.593556
-2.29,1.571004
-2.288,1.47793
-2.286,1.418174
-2.284,1.553092
-2.282,1.989844
-2.28,2.075558
-2.278,1.861686
-2.276,1.860614
-2.274,1.760472
-2.272,1.673562
-2.27,1.575174
-2.268,1.266146
-2.266,1.262684
-2.264,1.304386
-2.262,1.447216
-2.26,1.449322
-2.258,1.442606
-2.256,3.920388
-2.254,1.526034
-2.252,1.744972
-2.25,1.88209
-2.248,1.874612
-2.246,1.939518
-2.244,1.974
-2.242,1.793074
-2.24,1.997056
-2.238,2.279976
-2.236,2.343868
-2.234,2.286174
-2.232,2.621634
-2.23,3.457912
-2.228,4.04881
-2.226,3.073364
-2.224,3.229766
-2.222,3.725304
-2.22,3.170892
-2.218,2.9413
-2.216,2.659802
-2.214,2.277372
-2.212,2.224732
-2.21,2.476424
-2.208,2.854432
-2.206,2.948914
-2.204,2.005914
-2.202,2.437846
-2.2,3.307584
-2.198,2.264508
-2.196,2.27458
-2.194,2.181544
-2.192,2.18869
-2.19,2.35505
-2.188,2.410558
-2.186,2.241288
-2.184,2.333764
-2.182,2.597166
-2.18,2.692838
-2.178,2.590422
-2.176,2.787174
-2.174,2.706968
-2.172,2.766608
-2.17,2.920006
-2.168,3.133648
-2.166,3.191654
-2.164,3.740284
-2.162,3.12728
-2.16,3.132102
-2.158,2.693044
-2.156,2.422118
-2.154,2.30317
-2.152,2.018216
-2.15,1.962906
-2.148,2.10522
-2.146,2.162282
-2.144,1.985014
-2.142,1.784096
-2.14,1.724454
-2.138,2.075648
-2.136,1.960104
-2.134,1.91004
-2.132,1.878316
-2.13,1.967448
-2.128,2.136732
-2.126,2.198338
-2.124,2.17694
-2.122,2.175266
-2.12,2.024974
-2.118,1.916414
-2.116,2.057162
-2.114,2.416526
-2.112,2.262688
-2.11,2.23961
-2.108,2.191828
-2.106,2.263554
-2.104,2.230394
-2.102,2.30887
-2.1,2.222604
-2.098,1.913838
-2.096,1.827752
-2.094,1.93412
-2.092,1.88029
-2.09,1.99432
-2.088,2.024448
-2.086,2.023478
-2.084,1.254326
-2.082,1.178646
-2.08,1.254006
-2.078,1.366082
-2.076,1.960624
-2.074,2.663952
-2.072,2.11301
-2.07,1.974574
-2.068,2.617472
-2.066,2.705984
-2.064,2.232744
-2.062,2.668364
-2.06,2.456596
-2.058,3.016642
-2.056,2.989124
-2.054,2.5893
-2.052,2.614884
-2.05,2.977658
-2.048,2.865992
-2.046,3.110078
-2.044,3.174964
-2.042,2.362488
-2.04,2.999522
-2.038,2.619976
-2.036,2.41471
-2.034,2.652614
-2.032,2.195706
-2.03,2.484308
-2.028,2.609022
-2.026,2.485468
-2.024,2.413394
-2.022,2.314884
-2.02,2.458454
-2.018,2.112234
-2.016,2.02847
-2.014,1.969542
-2.012,1.773228
-2.01,1.798036
-2.008,2.07658
-2.006,2.933952
-2.004,2.489556
-2.002,2.583574
-2,2.13869
-1.998,1.902112
-1.996,1.98798
-1.994,2.06054
-1.992,2.598848
-1.99,2.574304
-1.988,2.387806
-1.986,2.412034
-1.984,2.653274
-1.982,3.082148
-1.98,3.513894
-1.978,3.616748
-1.976,3.522164
-1.974,3.111162
-1.972,2.502832
-1.97,2.324192
-1.968,2.329308
-1.966,2.317772
-1.964,2.446218
-1.962,2.882956
-1.96,5.313312
-1.958,4.603228
-1.956,2.549962
-1.954,2.736168
-1.952,4.036644
-1.95,4.331578
-1.948,3.965664
-1.946,4.226312
-1.944,4.604852
-1.942,4.370382
-1.94,4.442278
-1.938,4.514134
-1.936,4.750408
-1.934,5.11255
-1.932,5.089674
-1.93,4.803886
-1.928,4.982426
-1.926,5.0422
-1.924,5.081658
-1.922,5.186494
-1.92,5.303522
-1.918,5.022282
-1.916,4.876094
-1.914,5.00074
-1.912,5.012516
-1.91,4.995528
-1.908,5.136778
-1.906,5.380952
-1.904,5.757686
-1.902,7.294336
-1.9,8.431736
-1.898,11.661726
-1.896,10.212056
-1.894,9.735772
-1.892,8.994126
-1.89,8.03775
-1.888,7.6356
-1.886,6.922686
-1.884,5.31001
-1.882,4.778022
-1.88,4.49617
-1.878,4.543422
-1.876,6.661824
-1.874,11.843784
-1.872,7.169538
-1.87,7.042698
-1.868,7.13184
-1.866,11.958314
-1.864,10.56226
-1.862,9.042188
-1.86,7.165776
-1.858,5.325424
-1.856,4.74379
-1.854,5.173436
-1.852,5.228454
-1.85,5.935762
-1.848,5.90868
-1.846,5.543196
-1.844,4.79765
-1.842,4.55992
-1.84,4.62222
-1.838,5.483064
-1.836,6.751548
-1.834,7.498992
-1.832,8.035024
-1.83,7.920444
-1.828,7.719412
-1.826,6.787062
-1.824,6.057286
-1.822,5.816692
-1.82,5.777028
-1.818,6.062422
-1.816,6.66074
-1.814,6.070494
-1.812,5.142504
-1.81,5.256484
-1.808,5.172572
-1.806,6.688474
-1.804,6.165782
-1.802,6.042016
-1.8,5.90538
-1.798,5.8145
-1.796,5.738532
-1.794,5.605232
-1.792,5.464326
-1.79,5.335822
-1.788,5.267806
-1.786,5.19969
-1.784,5.419524
-1.782,5.674968
-1.78,5.038532
-1.778,5.071746
-1.776,5.466382
-1.774,5.581618
-1.772,6.117746
-1.77,6.171968
-1.768,6.107968
-1.766,6.421922
-1.764,7.027424
-1.762,7.27811
-1.76,7.93017
-1.758,7.681898
-1.756,6.889226
-1.754,6.621854
-1.752,6.420664
-1.75,6.620038
-1.748,6.26791
-1.746,6.198328
-1.744,5.730388
-1.742,5.72671
-1.74,5.645996
-1.738,5.606324
-1.736,6.121348
-1.734,8.72838
-1.732,8.11036
-1.73,7.540882
-1.728,7.840352
-1.726,8.251258
-1.724,9.285322
-1.722,11.186502
-1.72,10.386832
-1.718,7.31499
-1.716,7.770406
-1.714,8.709734
-1.712,10.094368
-1.71,12.807072
-1.708,12.916616
-1.706,13.216538
-1.704,14.227266
-1.702,14.477414
-1.7,15.766238
-1.698,19.044006
-1.696,16.822832
-1.694,16.050424
-1.692,16.431204
-1.69,14.880048
-1.688,14.072642
-1.686,13.923462
-1.684,14.50315
-1.682,16.980294
-1.68,18.056572
-1.678,18.86052
-1.676,16.765104
-1.674,15.306
-1.672,13.228634
-1.67,12.307094
-1.668,12.52107
-1.666,12.731582
-1.664,13.344392
-1.662,14.926272
-1.66,15.985626
-1.658,16.392296
-1.656,16.82998
-1.654,14.192212
-1.652,13.865598
-1.65,14.154282
-1.648,19.446618
-1.646,7.48757
-1.644,7.23834
-1.642,7.871256
-1.64,10.365884
-1.638,9.548498
-1.636,6.98979
-1.634,7.480756
-1.632,8.349186
-1.63,14.88088
-1.628,8.632166
-1.626,6.793338
-1.624,6.005938
-1.622,5.884732
-1.62,6.733162
-1.618,7.566386
-1.616,5.575604
-1.614,5.219088
-1.612,4.54931
-1.61,3.897428
-1.608,3.600194
-1.606,3.532746
-1.604,3.554076
-1.602,3.495254
-1.6,3.500302
-1.598,3.420238
-1.596,3.277836
-1.594,3.392294
-1.592,3.854034
-1.59,3.478376
-1.588,3.414768
-1.586,3.522992
-1.584,3.309394
-1.582,3.096756
-1.58,3.078348
-1.578,3.343234
-1.576,3.343312
-1.574,3.592206
-1.572,3.525294
-1.57,3.654122
-1.568,4.532678
-1.566,4.982664
-1.564,3.650154
-1.562,2.752284
-1.56,2.743974
-1.558,2.809278
-1.556,2.790168
-1.554,2.794972
-1.552,2.680794
-1.55,2.600946
-1.548,2.57246
-1.546,2.490404
-1.544,2.470494
-1.542,2.34435
-1.54,2.28381
-1.538,2.221952
-1.536,2.14392
-1.534,2.10355
-1.532,2.061974
-1.53,2.073214
-1.528,2.064838
-1.526,2.025286
-1.524,1.967732
-1.522,1.934394
-1.52,1.892152
-1.518,1.841696
-1.516,1.79353
-1.514,1.763872
-1.512,1.736692
-1.51,1.71466
-1.508,1.876978
-1.506,1.907532
-1.504,1.695526
-1.502,1.548098
-1.5,1.415976
-1.498,1.37853
-1.496,1.296036
-1.494,1.240806
-1.492,1.201108
-1.49,1.186658
-1.488,1.17473
-1.486,1.167094
-1.484,1.155082
-1.482,1.157006
-1.48,1.166362
-1.478,1.17947
-1.476,1.195318
-1.474,1.198468
-1.472,1.14344
-1.47,1.131568
-1.468,1.137786
-1.466,1.239144
-1.464,1.52189
-1.462,1.512064
-1.46,1.241212
-1.458,1.245242
-1.456,1.24779
-1.454,1.665322
-1.452,1.311728
-1.45,1.232294
-1.448,1.214988
-1.446,1.235334
-1.444,1.143058
-1.442,1.041446
-1.44,1.11142
-1.438,1.11886
-1.436,1.186608
-1.434,1.184914
-1.432,1.048572
-1.43,1.020154
-1.428,1.047064
-1.426,1.078056
-1.424,1.006516
-1.422,0.9575062
-1.42,0.962214
-1.418,0.886066
-1.416,0.8832036
-1.414,0.884391
-1.412,0.9140842
-1.41,0.9628736
-1.408,1.334274
-1.406,1.036712
-1.404,0.934016
-1.402,0.9018222
-1.4,0.8616262
-1.398,0.823761
-1.396,0.7864956
-1.394,0.7607964
-1.392,0.739317
-1.39,0.715879
-1.388,1.054362
-1.386,1.057514
-1.384,1.111902
-1.382,1.169502
-1.38,1.090156
-1.378,0.9084898
-1.376,0.8598784
-1.374,0.8892118
-1.372,1.032076
-1.37,1.09422
-1.368,1.1052704
-1.366,0.8279376
-1.364,0.8226154
-1.362,0.8046206
-1.36,0.8065786
-1.358,0.69635
-1.356,0.6489314
-1.354,0.711176
-1.352,0.777076
-1.35,0.715884
-1.348,0.6882492
-1.346,0.6580356
-1.344,0.6425328
-1.342,0.6412456
-1.34,0.6485208
-1.338,0.6599082
-1.336,0.6528586
-1.334,0.6465394
-1.332,0.6776796
-1.33,0.6797954
-1.328,0.6875466
-1.326,0.761874
-1.324,0.763838
-1.322,0.87658
-1.32,0.8187348
-1.318,0.88873
-1.316,0.7126026
-1.314,0.7136956
-1.312,0.754376
-1.31,0.706352
-1.308,0.6788088
-1.306,0.755284
-1.304,0.87595
-1.302,0.729694
-1.3,0.776698
-1.298,0.798916
-1.296,0.815456
-1.294,0.784824
-1.292,0.798434
-1.29,0.823816
-1.288,0.849952
-1.286,0.88081
-1.284,0.91594
-1.282,1.048066
-1.28,0.892802
-1.278,0.887938
-1.276,0.888282
-1.274,0.836336
-1.272,0.81578
-1.27,0.779736
-1.268,0.7266416
-1.266,0.6865932
-1.264,0.7625546
-1.262,0.6208314
-1.26,0.5991568
-1.258,0.6180632
-1.256,0.6364566
-1.254,0.6404444
-1.252,0.6485612
-1.25,0.606002
-1.248,0.532533
-1.246,0.489813
-1.244,0.4520598
-1.242,0.4193658
-1.24,0.4109532
-1.238,0.409867
-1.236,0.4096674
-1.234,0.4059004
-1.232,0.4033388
-1.23,0.395203
-1.228,0.3868052
-1.226,0.3844096
-1.224,0.385622
-1.222,0.3830926
-1.22,0.3820944
-1.218,0.3816696
-1.216,0.3812664
-1.214,0.3810898
-1.212,0.38061
-1.21,0.395872
-1.208,0.4256612
-1.206,0.4743662
-1.204,0.5384358
-1.202,0.5933554
-1.2,0.6267488
-1.198,0.586906
-1.196,0.5519938
-1.194,0.5561276
-1.192,0.5784496
-1.19,0.64271
-1.188,0.609974
-1.186,0.598698
-1.184,0.556782
-1.182,0.534166
-1.18,0.5233466
-1.178,0.4975832
-1.176,0.56423
-1.174,0.590472
-1.172,0.5247146
-1.17,0.4118394
-1.168,0.3961892
-1.166,0.388727
-1.164,0.3906746
-1.162,0.3920032
-1.16,0.501898
-1.158,0.480092
-1.156,0.3799576
-1.154,0.368243
-1.152,0.4493966
-1.15,0.50774
-1.148,0.51201
-1.146,0.489904
-1.144,0.4322048
-1.142,0.4014946
-1.14,0.3578134
-1.138,0.3464814
-1.136,0.3425574
-1.134,0.3471846
-1.132,0.3505818
-1.13,0.3719036
-1.128,0.3405656
-1.126,0.3151362
-1.124,0.2950852
-1.122,0.291593
-1.12,0.3189848
-1.118,0.3516766
-1.116,0.3766312
-1.114,0.3028822
-1.112,0.3021294
-1.11,0.3020038
-1.108,0.2977414
-1.106,0.2941736
-1.104,0.2912604
-1.102,0.2926828
-1.1,0.2983146
-1.098,0.312576
-1.096,0.3253186
-1.094,0.3389506
-1.092,0.3511982
-1.09,0.3751044
-1.088,0.3667848
-1.086,0.3519502
-1.084,0.3487994
-1.082,0.3513126
-1.08,0.329915
-1.078,0.3234938
-1.076,0.3405792
-1.074,0.3846132
-1.072,0.4235588
-1.07,0.414695
-1.068,0.4730936
-1.066,0.4327092
-1.064,0.3928538
-1.062,0.3719586
-1.06,0.3567088
-1.058,0.3419672
-1.056,0.3279182
-1.054,0.3218984
-1.052,0.3193906
-1.05,0.3168216
-1.048,0.319075
-1.046,0.3110988
-1.044,0.3202244
-1.042,0.2999936
-1.04,0.2880182
-1.038,0.2816706
-1.036,0.2921454
-1.034,0.3560596
-1.032,0.4212006
-1.03,0.373124
-1.028,0.292269
-1.026,0.3520116
-1.024,0.417134
-1.022,0.4149152
-1.02,0.3776652
-1.018,0.339461
-1.016,0.3152772
-1.014,0.3921114
-1.012,0.4550916
-1.01,0.4159184
-1.008,0.3737542
-1.006,0.3701426
-1.004,0.3556318
-1.002,0.3514358
-1,0.3472466
-0.998,0.3304944
-0.996,0.3050514
-0.994,0.261524
-0.992,0.2373688
-0.99,0.3637474
-0.988,0.3938554
-0.986,0.3623876
-0.984,0.3920722
-0.982,0.4307068
-0.98,0.4694
-0.978,0.4175186
-0.976,0.3653232
-0.974,0.3715512
-0.972,0.3717292
-0.97,0.3779012
-0.968,0.3819656
-0.966,0.3437334
-0.964,0.3270926
-0.962,0.324159
-0.96,0.3213382
-0.958,0.318463
-0.956,0.3156244
-0.954,0.3129498
-0.952,0.3110958
-0.95,0.3096754
-0.948,0.3088342
-0.946,0.3089404
-0.944,0.3070788
-0.942,0.3050574
-0.94,0.3058422
-0.938,0.3872268
-0.936,0.4644328
-0.934,0.4818924
-0.932,0.499337
-0.93,0.4818832
-0.928,0.3727004
-0.926,0.393202
-0.924,0.3846448
-0.922,0.382535
-0.92,0.4541442
-0.918,0.4806996
-0.916,0.4891458
-0.914,0.4852216
-0.912,0.491774
-0.91,0.4880972
-0.908,0.4818654
-0.906,0.4717236
-0.904,0.4699402
-0.902,0.4762842
-0.9,0.4922962
-0.898,0.5076382
-0.896,0.4507764
-0.894,0.3528716
-0.892,0.3176136
-0.89,0.29639
-0.888,0.2917532
-0.886,0.2980286
-0.884,0.313527
-0.882,0.3443348
-0.88,0.3750772
-0.878,0.4088248
-0.876,0.4433502
-0.874,0.4695938
-0.872,0.4924088
-0.87,0.4907594
-0.868,0.4940598
-0.866,0.4972244
-0.864,0.4818016
-0.862,0.3402782
-0.86,0.2766376
-0.858,0.3399654
-0.856,0.3854342
-0.854,0.3696568
-0.852,0.3654018
-0.85,0.3966486
-0.848,0.367646
-0.846,0.344649
-0.844,0.3360838
-0.842,0.3330078
-0.84,0.331771
-0.838,0.332174
-0.836,0.3329486
-0.834,0.3337768
-0.832,0.3435608
-0.83,0.3659474
-0.828,0.4249882
-0.826,0.4724052
-0.824,0.475972
-0.822,0.4747038
-0.82,0.4719642
-0.818,0.4653872
-0.816,0.4512752
-0.814,0.4353262
-0.812,0.4278744
-0.81,0.424138
-0.808,0.4137236
-0.806,0.4007054
-0.804,0.398211
-0.802,0.4011114
-0.8,0.4043976
-0.798,0.4079
-0.796,0.41228
-0.794,0.4266616
-0.792,0.514163
-0.79,0.554929
-0.788,0.593807
-0.786,0.6307196
-0.784,0.6551118
-0.782,0.548255
-0.78,0.4347098
-0.778,0.4764116
-0.776,0.4708028
-0.774,0.455313
-0.772,0.4521904
-0.77,0.4558076
-0.768,0.6767148
-0.766,1.1183716
-0.764,1.991424
-0.762,0.6932022
-0.76,0.7290902
-0.758,0.7377068
-0.756,0.7328506
-0.754,0.7172766
-0.752,0.7025172
-0.75,0.688583
-0.748,0.693309
-0.746,0.7159112
-0.744,0.7576124
-0.742,0.9289626
-0.74,0.7701256
-0.738,0.7601126
-0.736,0.7559574
-0.734,0.7508182
-0.732,0.7456978
-0.73,0.7514
-0.728,0.794385
-0.726,0.7930058
-0.724,0.8536314
-0.722,0.8281056
-0.72,0.8002518
-0.718,0.7541676
-0.716,0.7147978
-0.714,0.7127738
-0.712,0.7266258
-0.71,0.7533388
-0.708,0.7986052
-0.706,0.8527942
-0.704,0.8631864
-0.702,0.815771
-0.7,0.7464166
-0.698,0.5978018
-0.696,0.5696202
-0.694,0.5483732
-0.692,0.54579
-0.69,0.544339
-0.688,0.5404368
-0.686,0.527679
-0.684,0.5195388
-0.682,0.5107238
-0.68,0.5050904
-0.678,0.603004
-0.676,0.6244076
-0.674,0.6531598
-0.672,0.712462
-0.67,0.8678088
-0.668,0.999658
-0.666,1.0676732
-0.664,1.1107784
-0.662,1.1630796
-0.66,1.1848196
-0.658,1.1998986
-0.656,1.2151624
-0.654,1.2801256
-0.652,1.3491026
-0.65,1.5081656
-0.648,1.655043
-0.646,1.6202556
-0.644,1.5843538
-0.642,1.5987272
-0.64,1.6875266
-0.638,2.3731336
-0.636,1.6006038
-0.634,1.5648082
-0.632,1.5235996
-0.63,1.353767
-0.628,1.216912
-0.626,1.0736144
-0.624,0.9483508
-0.622,0.876526
-0.62,0.8270102
-0.618,0.8049566
-0.616,0.8307908
-0.614,0.8330522
-0.612,0.8374686
-0.61,0.850255
-0.608,0.909404
-0.606,0.9804556
-0.604,1.0666672
-0.602,1.1755456
-0.6,1.295292
-0.598,1.5951474
-0.596,1.6382326
-0.594,1.6506882
-0.592,1.662518
-0.59,1.6732496
-0.588,1.6831896
-0.586,1.6925134
-0.584,1.8092946
-0.582,2.1011744
-0.58,2.1269538
-0.578,1.9351946
-0.576,1.6175762
-0.574,1.431232
-0.572,1.450266
-0.57,1.9432534
-0.568,2.3239666
-0.566,2.7534602
-0.564,2.453479
-0.562,1.940504
-0.56,1.8817646
-0.558,1.883798
-0.556,1.8832776
-0.554,1.8747918
-0.552,1.8581768
-0.55,1.8382864
-0.548,1.8157884
-0.546,1.9777182
-0.544,2.2617326
-0.542,1.8033058
-0.54,1.701743
-0.538,1.6071118
-0.536,1.5754218
-0.534,1.8716866
-0.532,2.3791028
-0.53,2.6910516
-0.528,3.0222782
-0.526,3.3602602
-0.524,3.7110648
-0.522,3.8224096
-0.52,3.7330242
-0.518,3.5833216
-0.516,3.4113494
-0.514,3.0865012
-0.512,2.4610828
-0.51,2.1657224
-0.508,2.091973
-0.506,2.0241116
-0.504,5.0678622
-0.502,7.2131956
-0.5,6.5406388
-0.498,6.7708722
-0.496,7.153562
-0.494,7.28857
-0.492,7.28265
-0.49,7.264844
-0.488,7.216984
-0.486,6.380022
-0.484,6.386904
-0.482,6.39962
-0.48,6.439326
-0.478,6.433612
-0.476,5.528328
-0.474,5.923034
-0.472,6.67903
-0.47,6.56201
-0.468,5.90665
-0.466,6.085418
-0.464,5.96999
-0.462,5.67077
-0.46,5.875998
-0.458,6.626396
-0.456,6.35489
-0.454,5.525826
-0.452,4.762564
-0.45,4.321536
-0.448,4.193482
-0.446,4.085178
-0.444,3.993716
-0.442,3.92747
-0.44,3.83578
-0.438,3.944632
-0.436,6.901408
-0.434,6.49179
-0.432,6.148218
-0.43,6.088778
-0.428,6.067792
-0.426,6.085878
-0.424,6.14248
-0.422,8.436274
-0.42,7.879998
-0.418,7.810456
-0.416,8.228788
-0.414,6.459648
-0.412,6.375712
-0.41,6.540338
-0.408,6.830424
-0.406,6.945326
-0.404,6.732798
-0.402,7.693908
-0.4,10.079202
-0.398,13.367934
-0.396,15.136184
-0.394,12.84189
-0.392,11.188768
-0.39,9.518392
-0.388,7.813626
-0.386,6.191398
-0.384,4.8522
-0.382,3.931008
-0.38,3.80672
-0.378,4.012364
-0.376,4.21594
-0.374,4.421444
-0.372,4.627568
-0.37,4.599722
-0.368,4.285508
-0.366,4.124412
-0.364,4.431162
-0.362,4.199156
-0.36,3.993566
-0.358,3.741816
-0.356,3.51418
-0.354,3.45146
-0.352,3.3834632
-0.35,3.3640876
-0.348,3.3907658
-0.346,3.071556
-0.344,3.0339714
-0.342,3.724144
-0.34,4.542894
-0.338,4.52133
-0.336,4.617978
-0.334,4.907138
-0.332,6.1631
-0.33,6.769362
-0.328,6.565216
-0.326,6.001908
-0.324,5.041084
-0.322,4.870904
-0.32,4.79139
-0.318,4.697888
-0.316,4.53566
-0.314,4.281784
-0.312,3.711892
-0.31,3.1325412
-0.308,2.3713168
-0.306,1.96135
-0.304,1.7652286
-0.302,1.5716672
-0.3,1.3804448
-0.298,1.2290062
-0.296,1.122021
-0.294,0.6625244
-0.292,0.6040492
-0.29,0.6897764
-0.288,0.8768936
-0.286,1.0948088
-0.284,1.1593282
-0.282,1.411706
-0.28,1.4341184
-0.278,1.1342592
-0.276,0.9383922
-0.274,1.047358
-0.272,1.317384
-0.27,1.2666318
-0.268,1.2154628
-0.266,1.1639516
-0.264,1.11198
-0.262,1.0596954
-0.26,1.0069646
-0.258,0.9819682
-0.256,0.9781064
-0.254,0.9746758
-0.252,0.9716034
-0.25,0.9689404
-0.248,0.9666578
-0.246,0.9236654
-0.244,0.9160434
-0.242,0.9073712
-0.24,0.7980176
-0.238,0.8584026
-0.236,1.152978
-0.234,1.7030626
-0.232,0.9343092
-0.23,0.9492772
-0.228,0.820161
-0.226,0.8279862
-0.224,0.833458
-0.222,0.8395998
-0.22,0.8442074
-0.218,0.8464592
-0.216,0.846388
-0.214,0.784987
-0.212,0.6787096
-0.21,0.5104388
-0.208,0.4128328
-0.206,0.422164
-0.204,0.4300782
-0.202,0.4358116
-0.2,0.437327
-0.198,0.4379358
-0.196,0.4385344
-0.194,0.4391032
-0.192,0.43966
-0.19,0.4370864
-0.188,0.430726
-0.186,0.4270778
-0.184,0.4234872
-0.182,0.4247116
-0.18,0.4312252
-0.178,0.4375654
-0.176,0.4437312
-0.174,0.4497928
-0.172,0.4557104
-0.17,0.4616064
-0.168,0.4675942
-0.166,0.4734484
-0.164,0.4791848
-0.162,0.473079
-0.16,0.4574364
-0.158,0.456043
-0.156,0.4556234
-0.154,0.4551704
-0.152,0.454971
-0.15,0.45478
-0.148,0.4475102
-0.146,0.4399672
-0.144,0.4324652
-0.142,0.424996
-0.14,0.417556
-0.138,0.4102294
-0.136,0.4028754
-0.134,0.3956024
-0.132,0.3883706
-0.13,0.3811596
-0.128,0.3739536
-0.126,0.3667906
-0.124,0.3597156
-0.122,0.3527262
-0.12,0.3457934
-0.118,0.3389296
-0.116,0.3321398
-0.114,0.324536
-0.112,0.4279968
-0.11,0.426791
-0.108,0.24894334
-0.106,0.23551764
-0.104,0.22475004
-0.102,0.21416532
-0.1,0.2036071
-0.098,0.19491296
-0.096,0.1877729
-0.094,0.18061908
-0.092,0.17351008
-0.09,0.16946364
-0.088,0.16643072
-0.086,0.16342704
-0.084,0.1604378
-0.082,0.1574718
-0.08,0.15455312
-0.078,0.15167376
-0.076,0.14881888
-0.074,0.14599448
-0.072,0.14318752
-0.07,0.14040686
-0.068,0.13764326
-0.066,0.13490994
-0.064,0.13220166
-0.062,0.1603395
-0.06,0.17997696
-0.058,0.20112128
-0.056,0.2243173
-0.054,0.20873308
-0.052,0.1861621
-0.05,0.16321342
-0.048,0.13969154
-0.046,0.11560178
-0.044,0.0909415
-0.042,0.08692634
-0.04,0.08638116
-0.038,0.08581842
-0.036,0.08526402
-0.034,0.08470282
-0.032,0.08414202
-0.03,0.08323886
-0.028,0.08193848
-0.026,0.07981912
-0.024,0.07773066
-0.022,0.07137178
-0.02,0.06958822
-0.018,0.05978668
-0.016,0.05862244
-0.014,0.05745814
-0.012,0.05630616
-0.01,0.05515686
-0.008,0.05401482
-0.006,0.05289636
-0.004,0.05186998
-0.002,0.05123606
0,0.05068206
0.002,0.05012802
0.004,0.04957586
0.006,0.04902672
0.008,0.04847418
0.01,0.04792792
0.012,0.04738246
0.014,0.0468392
0.016,0.046295
0.018,0.04575168
0.02,0.04521312
0.022,0.04467638
0.024,0.0441373
0.026,0.04360584
0.028,0.04307204
0.03,0.04254186
0.032,0.04201184
0.034,0.04169492
0.036,0.04441456
0.038,0.04501916
0.04,0.04463466
0.042,0.04425106
0.044,0.04387224
0.046,0.04349568
0.048,0.0431202
0.05,0.04274934
0.052,0.04231206
0.054,0.04177954
0.056,0.0411008
0.058,0.0404241
0.06,0.03974684
0.062,0.03907726
0.064,0.03840228
0.066,0.03773296
0.068,0.03706412
0.07,0.036399284
0.072,0.034657612
0.074,0.032356138
0.076,0.0316357
0.078,0.030928514
0.08,0.030228516
0.082,0.02952714
0.084,0.028833396
0.086,0.028141784
0.088,0.027456558
0.09,0.026773184
0.092,0.026094336
0.094,0.02541978
0.096,0.025920298
0.098,0.027662878
0.1,0.029385376
0.102,0.031088974
0.104,0.032583986
0.106,0.033040688
0.108,0.032111892
0.11,0.030848156
0.112,0.029582978
0.114,0.028326688
0.116,0.027074256
0.118,0.025824336
0.12,0.024579292
0.122,0.023340898
0.124,0.022104302
0.126,0.020873336
0.128,0.019646826
0.13,0.018423592
0.132,0.01720501
0.134,0.015991762
0.136,0.024781796
0.138,0.050860382
0.14,0.043173526
0.142,0.03387935
0.144,0.024120818
0.146,0.013943966
0.148,0.0033944992
0.15,0
0.152,0
0.154,0
0.156,0
0.158,0
0.16,0
0.162,0
0.164,0
0.166,0
0.168,0
0.17,0
0.172,0
0.174,0
0.176,0
0.178,0
0.18,0
0.182,0
0.184,0
0.186,0
0.188,0
0.19,0
0.192,0
0.194,0
0.196,0
0.198,0
0.2,0
0.202,0
0.204,0
0.206,0
0.208,0
0.21,0
0.212,0
0.214,0
0.216,0
0.218,0
0.22,0
0.222,0
0.224,0
0.226,0
0.228,0
0.23,0
0.232,0
0.234,0
0.236,0
0.238,0
0.24,0
0.242,0
0.244,0
0.246,0
0.248,0
0.25,0
0.252,0
0.254,0
0.256,0
0.258,0
0.26,0
0.262,0
0.264,0
0.266,0
0.268,0
0.27,0
0.272,0
0.274,0
0.276,0
0.278,0
0.28,0
0.282,0
0.284,0
0.286,0
0.288,0
0.29,0
0.292,0
0.294,0
0.296,0
0.298,0
0.3,0
0.302,0
0.304,0
0.306,0
0.308,0
0.31,0
0.312,0
0.314,0
0.316,0
0.318,0
0.32,0
0.322,0
0.324,0
0.326,0
0.328,0
0.33,0
0.332,0
0.334,0
0.336,0
0.338,0
0.34,0
0.342,0
0.344,0
0.346,0
0.348,0
0.35,0
0.352,0
0.354,0
0.356,0
0.358,0
0.36,0
0.362,0
0.364,0
0.366,0
0.368,0
0.37,0
0.372,0
0.374,0
0.376,0
0.378,0
0.38,0
0.382,0
0.384,0
0.386,0
0.388,0
0.39,0
0.392,0
0.394,0
0.396,0
0.398,0
0.4,0
0.402,0
0.404,0
0.406,0
0.408,0
0.41,0
0.412,0
0.414,0
0.416,0
0.418,0
0.42,0
0.422,0
0.424,0
0.426,0
0.428,0
0.43,0
0.432,0
0.434,0
0.436,0
0.438,0
0.44,0
0.442,0
0.444,0
0.446,0
0.448,0
0.45,0
0.452,0
0.454,0
0.456,0
0.458,0
0.46,0
0.462,0
0.464,0
0.466,0
0.468,0
0.47,0
0.472,0
0.474,0
0.476,0
0.478,0
0.48,0
0.482,0
0.484,0
0.486,0
0.488,0
0.49,0
0.492,0
0.494,0
0.496,0
0.498,0
0.5,0
0.502,0
0.504,0
0.506,0
0.508,0
0.51,0
0.512,0
0.514,0
0.516,0
0.518,0
0.52,0
0.522,0
0.524,0
0.526,0
0.528,0
0.53,0
0.532,0
0.534,0
0.536,0
0.538,0
0.54,0
0.542,0
0.544,0
0.546,0
0.548,0
0.55,0
0.552,0
0.554,0
0.556,0
0.558,0
0.56,0
0.562,0
0.564,0
0.566,0
0.568,0
0.57,0
0.572,0
0.574,0
0.576,0
0.578,0
0.58,0
0.582,0
0.584,0
0.586,0
0.588,0
0.59,0
0.592,0
0.594,0
0.596,0
0.598,0
0.6,0
0.602,0
0.604,0
0.606,0
0.608,0
0.61,0
0.612,0
0.614,0
0.616,0
0.618,0
0.62,0
0.622,0
0.624,0
0.626,0
0.628,0
0.63,0
0.632,0
0.634,0
0.636,0
0.638,0
0.64,0
0.642,0
0.644,0
0.646,0
0.648,0
0.65,0
0.652,0
0.654,0
0.656,0
0.658,0
0.66,0
0.662,0
0.664,0
0.666,0
0.668,0
0.67,0
0.672,0
0.674,0
0.676,0
0.678,0
0.68,0
0.682,0
0.684,0
0.686,0
0.688,0
0.69,0
0.692,0
0.694,0
0.696,0
0.698,0
0.7,0
0.702,0
0.704,0
0.706,0
0.708,0
0.71,0
0.712,0
0.714,0
0.716,0
0.718,0
0.72,0
0.722,0
0.724,0
0.726,0
0.728,0
0.73,0
0.732,0
0.734,0
0.736,0
0.738,0
0.74,0
0.742,0
0.744,0
0.746,0
0.748,0
0.75,0
0.752,0
0.754,0
0.756,0
0.758,0
0.76,0
0.762,0
0.764,0
0.766,0
0.768,0
0.77,0
0.772,0
0.774,0
0.776,0
0.778,0
0.78,0
0.782,0
0.784,0
0.786,0
0.788,0
0.79,0
0.792,0
0.794,0
0.796,0
0.798,0
0.8,0
0.802,0
0.804,0
0.806,0
0.808,0
0.81,0
0.812,0
0.814,0
0.816,0
0.818,0
0.82,0
0.822,0
0.824,0
0.826,0
0.828,0
0.83,0
0.832,0
0.834,0
0.836,0
0.838,0
0.84,0
0.842,0
0.844,0
0.846,0
0.848,0
0.85,0
0.852,0
0.854,0
0.856,0
0.858,0
0.86,0
0.862,0
0.864,0
0.866,0
0.868,0
0.87,0
0.872,0
0.874,0
0.876,0
0.878,0
0.88,0
0.882,0
0.884,0
0.886,0
0.888,0
0.89,0
0.892,0
0.894,0
0.896,0
0.898,0
0.9,0
0.902,0
0.904,0
0.906,0
0.908,0
0.91,0
0.912,0
0.914,0
0.916,0
0.918,0
0.92,0
0.922,0
0.924,0
0.926,0
0.928,0
0.93,0
0.932,0
0.934,0
0.936,0
0.938,0
0.94,0
0.942,0
0.944,0
0.946,0
0.948,0
0.95,0
0.952,0
0.954,0
0.956,0
0.958,0.005516626
0.96,0.007395496
0.962,0.008627332
0.964,0.009855348
0.966,0.011079206
0.968,0.012300076
0.97,0.013516678
0.972,0.02473878
0.974,0.02222392
0.976,0.0198127
0.978,0.01774634
0.98,0.01831224
0.982,0.02223636
0.984,0.02223212
0.986,0.02224118
0.988,0.02224888
0.99,0.02225778
0.992,0.0222672
0.994,0.0222722
0.996,0.02228222
0.998,0.02228918
1,0.02229454
1.002,0.02230188
1.004,0.02230954
1.006,0.02231324
1.008,0.02231864
1.01,0.02530822
1.012,0.0344877
1.014,0.03036618
1.016,0.02631978
1.018,0.02235566
1.02,0.01864578
1.022,0.015563054
1.024,0.01534034
1.026,0.015909802
1.028,0.016506152
1.03,0.01707068
1.032,0.0244353
1.034,0.02493812
1.036,0.02541694
1.038,0.0258694
1.04,0.02629454
1.042,0.02610356
1.044,0.02159212
1.046,0.02045056
1.048,0.0202868
1.05,0.0203724
1.052,0.02049138
1.054,0.0206144
1.056,0.02074192
1.058,0.0208751
1.06,0.02105138
1.062,0.02125568
1.064,0.02146258
1.066,0.02166706
1.068,0.02187174
1.07,0.02207544
1.072,0.02228212
1.074,0.02248658
1.076,0.02269024
1.078,0.02289424
1.08,0.02309968
1.082,0.02330304
1.084,0.02350894
1.086,0.02371456
1.088,0.02391784
1.09,0.02412356
1.092,0.02432664
1.094,0.0245302
1.096,0.02473562
1.098,0.02493946
1.1,0.02514266
1.102,0.02534786
1.104,0.02576008
1.106,0.02689852
1.108,0.02807262
1.11,0.02924584
1.112,0.03042116
1.114,0.03151266
1.116,0.03236278
1.118,0.03321464
1.12,0.03405944
1.122,0.03491284
1.124,0.035757
1.126,0.0366099
1.128,0.03745758
1.13,0.03830278
1.132,0.03915002
1.134,0.03999478
1.136,0.0408417
1.138,0.04168858
1.14,0.04253586
1.142,0.04338088
1.144,0.04422784
1.146,0.0450714
1.148,0.04615892
1.15,0.0494978
1.152,0.05615962
1.154,0.06389756
1.156,0.07176464
1.158,0.06101122
1.16,0.04172106
1.162,0.04283226
1.164,0.0439355
1.166,0.04212528
1.168,0.03409304
1.17,0.03330546
1.172,0.03250476
1.174,0.03170168
1.176,0.03088788
1.178,0.0300691
1.18,0.03445468
1.182,0.04103614
1.184,0.04845776
1.186,0.03551084
1.188,0.03299378
1.19,0.03394824
1.192,0.0350259
1.194,0.04168062
1.196,0.06300248
1.198,0.08886104
1.2,0.0912254
1.202,0.08829508
1.204,0.08540894
1.206,0.08351348
1.208,0.08209886
1.21,0.08102346
1.212,0.07999412
1.214,0.07814088
1.216,0.0774215
1.218,0.07822148
1.22,0.0798094
1.222,0.08142116
1.224,0.08305702
1.226,0.08471658
1.228,0.0863964
1.23,0.09519974
1.232,0.09522948
1.234,0.09216354
1.236,0.08918362
1.238,0.08628074
1.24,0.08350086
1.242,0.08164872
1.244,0.07991806
1.246,0.07833688
1.248,0.0774913
1.25,0.08264994
1.252,0.08466872
1.254,0.08581104
1.256,0.0869489
1.258,0.08808548
1.26,0.08921362
1.262,0.09033974
1.264,0.09145714
1.266,0.09499904
1.268,0.1016791
1.27,0.10508256
1.272,0.1085029
1.274,0.1119529
1.276,0.11543036
1.278,0.11893048
1.28,0.1224588
1.282,0.1272936
1.284,0.1370236
1.286,0.1457818
1.288,0.153894
1.29,0.1621186
1.292,0.1704946
1.294,0.1744862
1.296,0.1795374
1.298,0.205903
1.3,0.3176626
1.302,0.363736
1.304,0.211682
1.306,0.2277304
1.308,0.2578422
1.31,0.291808
1.312,0.3286728
1.314,0.4063408
1.316,0.4765874
1.318,0.5015894
1.32,0.403311
1.322,0.378938
1.324,0.3754978
1.326,0.3724792
1.328,0.3698618
1.33,0.37102
1.332,0.2630404
1.334,0.2606068
1.336,0.2549914
1.338,0.250019
1.34,0.247459
1.342,0.2907
1.344,0.290216
1.346,0.2900236
1.348,0.2917522
1.35,0.2973864
1.352,0.3076826
1.354,0.31943
1.356,0.331214
1.358,0.34315
1.36,0.3554022
1.362,0.3701646
1.364,0.384204
1.366,0.3979668
1.368,0.4133758
1.37,0.4351282
1.372,0.4600262
1.374,0.4901102
1.376,0.5346878
1.378,0.5896618
1.38,0.6286832
1.382,0.6618094
1.384,0.6949628
1.386,0.8410796
1.388,0.8431152
1.39,0.8527608
1.392,0.8498476
1.394,0.8447194
1.396,0.8305732
1.398,0.8192908
1.4,0.8153282
1.402,0.8135482
1.404,0.8123806
1.406,0.810869
1.408,0.809045
1.41,0.806995
1.412,0.8046906
1.414,0.748696
1.416,0.7079948
1.418,0.75066
1.42,0.780668
1.422,0.6924088
1.424,0.6354996
1.426,0.5729362
1.428,0.5875872
1.43,0.6029238
1.432,0.618434
1.434,0.6881366
1.436,0.7595422
1.438,0.8443282
1.44,0.85263
1.442,0.9947956
1.444,1.02354
1.446,1.0553528
1.448,1.0893136
1.45,1.1371156
1.452,1.1936182
1.454,1.2600564
1.456,1.3355576
1.458,1.4130468
1.46,1.4926778
1.462,1.5742186
1.464,1.6582698
1.466,1.748381
1.468,1.8305334
1.47,1.86606
1.472,1.912704
1.474,1.949476
1.476,2.06145
1.478,2.268716
1.48,2.757278
1.482,3.285652
1.484,3.266898
1.486,2.733002
1.488,2.640464
1.49,2.756452
1.492,2.865622
1.494,2.974616
1.496,3.092818
1.498,3.194838
1.5,3.260556
1.502,3.416246
1.504,3.549184
1.506,3.680464
1.508,3.793228
1.51,3.900562
1.512,4.008218
1.514,4.115676
1.516,4.223578
1.518,4.33148
1.52,4.439684
1.522,4.54859
1.524,4.674418
1.526,4.812842
1.528,4.989018
1.53,5.136678
1.532,5.432556
1.534,5.490998
1.536,5.49824
1.538,5.584098
1.54,5.645122
1.542,5.725252
1.544,5.905702
1.546,6.384384
1.548,6.551674
1.55,6.759818
1.552,6.832626
1.554,6.99781
1.556,7.178518
1.558,7.369474
1.56,7.584028
1.562,7.892038
1.564,8.1638
1.566,8.462566
1.568,8.793974
1.57,9.08788
1.572,9.664502
1.574,11.045968
1.576,13.887558
1.578,16.53836
1.58,21.83538
1.582,8.972834
1.584,8.92195
1.586,8.791696
1.588,8.610596
1.59,8.6507
1.592,8.92238
1.594,9.123222
1.596,9.388778
1.598,9.735636
1.6,6.236552
1.602,6.05222
1.604,5.866006
1.606,5.654036
1.608,5.546192
1.61,5.48476
1.612,5.395394
1.614,5.28707
1.616,5.19876
1.618,7.804716
1.62,11.071436
1.622,14.3485
1.624,9.350148
1.626,8.91187
1.628,8.530668
1.63,8.429834
1.632,8.378024
1.634,8.073732
1.636,7.720392
1.638,7.43699
1.64,7.699312
1.642,5.702888
1.644,5.599176
1.646,5.489104
1.648,5.38686
1.65,5.274608
1.652,5.118836
1.654,5.022394
1.656,5.377288
1.658,5.718952
1.66,6.231274
1.662,6.29341
1.664,5.411518
1.666,4.979434
1.668,4.812818
1.67,4.611544
1.672,4.360026
1.674,4.105944
1.676,3.789454
1.678,3.378956
1.68,3.00098
1.682,2.72143
1.684,2.531772
1.686,2.479458
1.688,2.424486
1.69,2.39252
1.692,2.420642
1.694,2.28997
1.696,2.184268
1.698,2.141276
1.7,2.117162
1.702,2.525118
1.704,2.517184
1.706,2.619142
1.708,2.419596
1.71,2.174152
1.712,2.20533
1.714,2.209632
1.716,2.208922
1.718,2.922338
1.72,2.72038
1.722,2.310418
1.724,2.314678
1.726,2.246358
1.728,2.1758
1.73,2.115128
1.732,2.069568
1.734,1.978456
1.736,1.928316
1.738,1.881602
1.74,1.810222
1.742,1.760378
1.744,1.69111
1.746,1.649846
1.748,1.601538
1.75,1.527998
1.752,1.442032
1.754,1.38759
1.756,1.27878
1.758,1.254264
1.76,1.174478
1.762,1.315678
1.764,1.259714
1.766,1.0712012
1.768,1.0572736
1.77,1.0424266
1.772,1.0304686
1.774,1.0162792
1.776,1.0069286
1.778,1.0120884
1.78,1.0005476
1.782,0.9905996
1.784,0.9749652
1.786,0.9587364
1.788,0.9350992
1.79,0.9145398
1.792,0.891633
1.794,0.8722126
1.796,0.8501578
1.798,0.8678326
1.8,0.9418628
1.802,0.8846084
1.804,0.8023422
1.806,0.6794562
1.808,0.6794208
1.81,0.675083
1.812,0.6689384
1.814,0.7026862
1.816,0.7201852
1.818,0.7286966
1.82,0.7332266
1.822,0.728047
1.824,0.7325812
1.826,0.7726032
1.828,0.8100316
1.83,0.8371972
1.832,0.8324684
1.834,0.7415528
1.836,0.7334332
1.838,0.7313838
1.84,0.729643
1.842,0.729948
1.844,0.7077206
1.846,0.6948296
1.848,0.6831534
1.85,0.6836328
1.852,0.6856428
1.854,0.663876
1.856,0.6156348
1.858,0.636828
1.86,0.6409322
1.862,0.6464138
1.864,0.6529522
1.866,0.8492978
1.868,0.728916
1.87,0.5438974
1.872,0.5504724
1.874,0.556779
1.876,0.5847344
1.878,0.5788966
1.88,0.5682226
1.882,0.547134
1.884,0.6156454
1.886,0.5878332
1.888,0.5639988
1.89,0.5610804
1.892,0.553641
1.894,0.5486106
1.896,0.5424294
1.898,0.5229224
1.9,0.504642
1.902,0.4848794
1.904,0.4669818
1.906,0.4792006
1.908,0.50872
1.91,0.4775036
1.912,0.456299
1.914,0.4392322
1.916,0.4395272
1.918,0.4450108
1.92,0.433594
1.922,0.4284038
1.924,0.4255022
1.926,0.422867
1.928,0.4202726
1.93,0.4176524
1.932,0.4151386
1.934,0.4126356
1.936,0.4101634
1.938,0.4076996
1.94,0.4270628
1.942,0.4405746
1.944,0.4339622
1.946,0.4264638
1.948,0.4179094
1.95,0.4094622
1.952,0.4016782
1.954,0.3933142
1.956,0.3862682
1.958,0.3796802
1.96,0.3732764
1.962,0.3671344
1.964,0.3612546
1.966,0.3561506
1.968,0.3515506
1.97,0.3473028
1.972,0.3792132
1.974,0.3874466
1.976,0.395636
1.978,0.3931628
1.98,0.4175206
1.982,0.4168532
1.984,0.417199
1.986,0.4464636
1.988,0.54848
1.99,0.4102672
1.992,0.4995498
1.994,0.3414518
1.996,0.4253544
1.998,0.3530926
2,0.4009632
2.002,0.4249044
2.004,0.4227294
2.006,0.4331938
2.008,0.456831
2.01,0.4092742
2.012,0.3676998
2.014,0.3699492
2.016,0.3724384
2.018,0.3751154
2.02,0.377827
2.022,0.3679728
2.024,0.3694594
2.026,0.3756908
2.028,0.3821486
2.03,0.3895224
2.032,0.397015
2.034,0.405299
2.036,0.4137702
2.038,0.418163
2.04,0.4155152
2.042,0.4130884
2.044,0.4062794
2.046,0.4066808
2.048,0.4113586
2.05,0.4223106
2.052,0.434764
2.054,0.4707604
2.056,0.4834088
2.058,0.4964084
2.06,0.5012348
2.062,0.5109362
2.064,0.5230572
2.066,0.5377714
2.068,0.5709446
2.07,0.579429
2.072,0.5845566
2.074,0.6140106
2.076,0.6097868
2.078,0.6032438
2.08,0.5957084
2.082,0.5894452
2.084,0.583443
2.086,0.5806024
2.088,0.6049826
2.09,0.61193
2.092,0.6138412
2.094,0.6188514
2.096,0.6137412
2.098,0.6102022
2.1,0.6113796
2.102,0.6158812
2.104,0.631294
2.106,0.624236
2.108,0.623116
2.11,0.62001
2.112,0.5871012
2.114,0.5853676
2.116,0.5880704
2.118,0.5599366
2.12,0.5022848
2.122,0.536444
2.124,0.5387854
2.126,0.579646
2.128,0.5248746
2.13,0.4588162
2.132,0.4584726
2.134,0.4575742
2.136,0.5718446
2.138,0.6216924
2.14,0.4677182
2.142,0.474536
2.144,0.4654288
2.146,0.4708948
2.148,0.4653098
2.15,0.461239
2.152,0.4580898
2.154,0.4557824
2.156,0.4551056
2.158,0.4583424
2.16,0.4617978
2.162,0.4715776
2.164,0.478921
2.166,0.4886884
2.168,0.4883992
2.17,0.4883762
2.172,0.490094
2.174,0.4954376
2.176,0.5020488
2.178,0.5172422
2.18,0.566675
2.182,0.4950368
2.184,0.4792752
2.186,0.4830336
2.188,0.499921
2.19,0.5381356
2.192,0.5858298
2.194,0.5483254
2.196,0.5195618
2.198,0.5347984
2.2,0.5508334
2.202,0.569297
2.204,0.5921342
2.206,0.616142
2.208,0.5955104
2.21,0.5740068
2.212,0.5564058
2.214,0.5441174
2.216,0.5442686
2.218,0.5535482
2.22,0.579691
2.222,0.614882
2.224,0.605902
2.226,0.5797316
2.228,0.5579538
2.23,0.5361664
2.232,0.5559988
2.234,0.5760532
2.236,0.5954136
2.238,0.5749398
2.24,0.5607138
2.242,0.579162
2.244,0.599818
2.246,0.60262
2.248,0.607956
2.25,0.62823
2.252,0.595512
2.254,0.599998
2.256,0.59526
2.258,0.5928
2.26,0.688214
2.262,0.652094
2.264,0.5661576
2.266,0.5789998
2.268,0.5908458
2.27,0.6027848
2.272,0.6149362
2.274,0.627736
2.276,0.6406958
2.278,0.6264164
2.28,0.639124
2.282,0.6267384
2.284,0.639356
2.286,0.642768
2.288,0.5886316
2.29,0.558316
2.292,0.546439
2.294,0.5433532
2.296,0.5522472
2.298,0.5422748
2.3,0.5498786
2.302,0.5107048
2.304,0.516552
2.306,0.5230008
2.308,0.60159
2.31,0.882714
2.312,0.803132
2.314,0.962484
2.316,0.576992
2.318,0.558188
2.32,0.5471
2.322,0.560522
2.324,0.564572
2.326,0.59002
2.328,0.703196
2.33,0.608066
2.332,0.570204
2.334,0.582716
2.336,0.59695
2.338,0.609098
2.34,0.656782
2.342,0.70174
2.344,0.856604
2.346,0.841266
2.348,0.779516
2.35,0.699688
2.352,0.654306
2.354,0.64925
2.356,0.611196
2.358,0.608988
2.36,0.629802
2.362,0.635816
2.364,0.639108
2.366,0.636986
2.368,0.627324
2.37,0.62814
2.372,0.65509
2.374,0.67686
2.376,0.704454
2.378,0.687402
2.38,0.700876
2.382,0.738172
2.384,0.781434
2.386,0.768878
2.388,0.747056
2.39,0.670056
2.392,0.698128
2.394,0.709564
2.396,0.71701
2.398,0.727228
2.4,0.835602
2.402,0.719942
2.404,0.719018
2.406,0.741052
2.408,0.763614
2.41,0.79228
2.412,0.7559
2.414,0.740156
2.416,0.739836
2.418,0.760686
2.42,0.767792
2.422,0.799394
2.424,0.778648
2.426,0.74372
2.428,0.711094
2.43,0.708636
2.432,0.70736
2.434,0.707172
2.436,0.72832
2.438,0.732792
2.44,0.749984
2.442,0.773608
2.444,0.780258
2.446,0.793316
2.448,0.79362
2.45,0.780884
2.452,0.769602
2.454,0.759428
2.456,0.73764
2.458,0.73234
2.46,0.714284
2.462,0.688668
2.464,0.674228
2.466,0.665074
2.468,0.64807
2.47,0.63192
2.472,0.61574
2.474,0.599784
2.476,0.664542
2.478,0.634662
2.48,0.605402
2.482,0.583602
2.484,0.592162
2.486,0.613386
2.488,0.618764
2.49,0.62235
2.492,0.62998
2.494,0.650578
2.496,0.643382
2.498,0.667368
2.5,0.65009
2.502,0.64777
2.504,0.740396
2.506,0.662018
2.508,0.669236
2.51,0.688568
2.512,0.716658
2.514,0.6666
2.516,0.652804
2.518,0.6782
2.52,0.666978
2.522,0.663852
2.524,0.662886
2.526,0.671102
2.528,0.698016
2.53,0.735506
2.532,0.775518
2.534,0.792682
2.536,0.857402
2.538,0.934658
2.54,1.233038
2.542,0.983564
2.544,0.931894
2.546,0.813276
2.548,0.897476
2.55,1.08626
2.552,1.159106
2.554,0.816158
2.556,0.81232
2.558,1.653766
2.56,1.003002
2.562,1.203512
2.564,0.847896
2.566,0.854218
2.568,0.85963
2.57,0.865446
2.572,0.96832
2.574,0.839856
2.576,1.04574
2.578,1.076994
2.58,1.083704
2.582,1.024036
2.584,1.032052
2.586,0.938936
2.588,1.012852
2.59,1.036438
2.592,1.243046
2.594,1.032814
2.596,0.908478
2.598,1.04515
2.6,0.900258
2.602,0.868896
2.604,0.875052
2.606,0.873258
2.608,0.843438
2.61,0.834124
2.612,0.79569
2.614,0.766442
2.616,0.7514
2.618,0.76696
2.62,0.768902
2.622,0.782474
2.624,0.795696
2.626,0.89693
2.628,0.871806
2.63,0.938196
2.632,0.9861
2.634,0.961812
2.636,0.978546
2.638,1.027368
2.64,0.914802
2.642,0.815838
2.644,0.82436
2.646,0.76377
2.648,0.751762
2.65,0.802572
2.652,0.812532
2.654,0.853566
2.656,0.88314
2.658,0.910054
2.66,0.99571
2.662,0.949538
2.664,0.866638
2.666,0.842684
2.668,0.835982
2.67,0.790822
2.672,0.752756
2.674,0.810126
2.676,0.844188
2.678,0.876006
2.68,0.792184
2.682,0.809898
2.684,0.797054
2.686,0.76005
2.688,0.80451
2.69,0.852368
2.692,0.918302
2.694,0.98071
2.696,0.989206
2.698,1.032898
2.7,1.073756
2.702,0.965054
2.704,1.022182
2.706,1.036836
2.708,1.079196
2.71,1.121492
2.712,1.175802
2.714,1.265036
2.716,1.245082
2.718,1.16136
2.72,1.133542
2.722,1.132342
2.724,1.129576
2.726,1.127016
2.728,1.081168
2.73,1.088762
2.732,1.110512
2.734,1.125216
2.736,1.157718
2.738,1.187086
2.74,1.207236
2.742,1.278288
2.744,2.149664
2.746,1.197156
2.748,1.160896
2.75,1.186116
2.752,1.203372
2.754,1.245104
2.756,1.322328
2.758,1.320142
2.76,1.356728
2.762,1.377522
2.764,1.362578
2.766,1.284906
2.768,1.208864
2.77,1.216466
2.772,1.236186
2.774,1.252234
2.776,1.271438
2.778,1.321594
2.78,1.354596
2.782,1.405886
2.784,1.48896
2.786,1.491466
2.788,1.312354
2.79,1.212876
2.792,1.227536
2.794,1.339252
2.796,1.450782
2.798,1.398564
2.8,1.293042
2.802,1.273876
2.804,1.349662
2.806,1.345318
2.808,1.361168
2.81,1.39794
2.812,1.477026
2.814,1.545128
2.816,1.599542
2.818,1.710382
2.82,1.75287
2.822,1.781668
2.824,1.829576
2.826,1.804564
2.828,1.73939
2.83,1.784914
2.832,1.81007
2.834,1.803612
2.836,2.017368
2.838,2.072984
2.84,2.248938
2.842,2.40125
2.844,2.599704
2.846,2.295184
2.848,2.214086
2.85,2.919868
2.852,2.784858
2.854,2.490626
2.856,2.654466
2.858,2.75049
2.86,2.917518
2.862,2.847058
2.864,2.447254
2.866,2.492896
2.868,2.633056
2.87,2.76075
2.872,2.827374
2.874,3.379256
2.876,3.686376
2.878,3.11149
2.88,3.244796
2.882,3.061988
2.884,3.413762
2.886,3.081082
2.888,3.487008
2.89,3.154486
2.892,3.83305
2.894,3.114532
2.896,3.580546
2.898,3.717888
2.9,3.79784
2.902,3.77425
2.904,3.60748
2.906,3.659956
2.908,3.937296
2.91,4.992874
2.912,4.422794
2.914,3.536168
2.916,3.72706
2.918,3.73872
2.92,3.911446
2.922,5.689454
2.924,4.327536
2.926,4.68655
2.928,4.17717
2.93,4.150748
2.932,5.187658
2.934,5.548302
2.936,5.271318
2.938,5.239688
2.94,4.951734
2.942,6.976048
2.944,5.84199
2.946,5.818144
2.948,5.379688
2.95,5.15955
2.952,5.141356
2.954,5.126542
2.956,5.208048
2.958,5.3846
2.96,5.67352
2.962,6.021202
2.964,7.317556
2.966,7.636226
2.968,7.945716
2.97,8.262706
2.972,8.696802
2.974,8.981492
2.976,9.573232
2.978,10.506344
2.98,10.531318
2.982,9.659166
2.984,8.85515
2.986,9.246754
2.988,10.07333
2.99,10.826808
2.992,9.341146
2.994,10.658102
2.996,6.674114
2.998,6.65704
3,7.04894
3.002,6.936838
3.004,6.8754
3.006,7.127058
3.008,7.3892
3.01,6.62425
3.012,6.051848
3.014,5.751286
3.016,5.650808
3.018,5.741236
3.02,5.927224
3.022,6.214606
3.024,6.46719
3.026,6.726216
3.028,6.639886
3.03,6.713814
3.032,6.76939
3.034,6.22044
3.036,6.306088
3.038,6.124994
3.04,6.11328
3.042,6.02333
3.044,5.999094
3.046,6.09292
3.048,6.292362
3.05,6.415088
3.052,6.37602
3.054,6.339788
3.056,6.109052
3.058,6.119804
3.06,6.138526
3.062,5.810708
3.064,5.58089
3.066,5.448458
3.068,5.322704
3.07,5.144376
3.072,5.050062
3.074,5.26174
3.076,6.022886
3.078,5.492862
3.08,5.379292
3.082,5.371666
3.084,5.426686
3.086,5.445624
3.088,5.466272
3.09,5.317624
3.092,5.06004
3.094,4.259672
3.096,3.67857
3.098,3.853788
3.1,4.14181
3.102,4.085054
3.104,4.20541
3.106,4.213942
3.108,4.06413
3.11,3.936428
3.112,4.168134
3.114,3.823674
3.116,3.626404
3.118,3.372458
3.12,3.343626
3.122,3.509384
3.124,3.207782
3.126,2.974284
3.128,3.641682
3.13,3.395952
3.132,3.24386
3.134,3.332762
3.136,3.213976
3.138,3.286844
3.14,3.121678
3.142,3.006898
3.144,2.929196
3.146,2.8306
3.148,3.057844
3.15,2.859034
3.152,2.931918
3.154,2.820608
3.156,2.825182
3.158,2.825664
3.16,2.783762
3.162,2.778576
3.164,2.781296
3.166,2.82747
3.168,2.908102
3.17,2.893702
3.172,2.961854
3.174,3.049656
3.176,3.044462
3.178,3.225032
3.18,3.229208
3.182,3.108082
3.184,2.915336
3.186,3.223034
3.188,2.764206
3.19,2.719432
3.192,2.660528
3.194,2.747412
3.196,2.74005
3.198,2.803958
3.2,2.854944
3.202,2.809308
3.204,2.765784
3.206,2.689916
3.208,2.616672
3.21,2.619494
3.212,2.412956
3.214,2.377216
3.216,2.426702
3.218,2.492952
3.22,2.547144
3.222,2.575224
3.224,2.607622
3.226,2.647518
3.228,2.755998
3.23,2.938026
3.232,3.030118
3.234,3.63087
3.236,4.042754
3.238,3.519646
3.24,2.894438
3.242,2.714054
3.244,2.87473
3.246,3.296922
3.248,2.613044
3.25,2.523624
3.252,2.556084
3.254,3.004468
3.256,2.527326
3.258,2.696006
3.26,2.80641
3.262,2.922862
3.264,3.142528
3.266,3.349282
3.268,3.394468
3.27,3.387088
3.272,3.41184
3.274,3.455896
3.276,3.393382
3.278,3.3762
3.28,3.582992
3.282,3.733742
3.284,4.514214
3.286,4.610718
3.288,4.719564
3.29,4.430026
3.292,4.342426
3.294,4.31742
3.296,4.673918
3.298,4.9143
3.3,5.058784
3.302,5.431738
3.304,4.961164
3.306,4.989944
3.308,5.098458
3.31,5.427504
3.312,5.904158
3.314,6.136198
3.316,6.07848
3.318,6.4886
3.32,6.561754
3.322,6.804108
3.324,6.943734
3.326,7.24034
3.328,6.95433
3.33,6.547072
3.332,5.903796
3.334,5.139872
3.336,5.1216
3.338,7.12593
3.34,11.33937
3.342,11.257194
3.344,9.953812
3.346,8.611994
3.348,7.536292
3.35,6.661448
3.352,6.883846
3.354,5.698372
3.356,5.82167
3.358,6.16346
3.36,6.61184
3.362,6.167282
3.364,6.232494
3.366,6.288046
3.368,6.52702
3.37,6.781366
3.372,10.288216
3.374,5.382618
3.376,5.422952
3.378,5.762934
3.38,5.955978
3.382,6.050182
3.384,6.139678
3.386,8.19084
3.388,6.491338
3.39,5.838526
3.392,5.363446
3.394,5.371174
3.396,5.600042
3.398,5.891712
3.4,9.91004
3.402,6.354562
3.404,6.251894
3.406,6.09802
3.408,4.784418
3.41,6.59932
3.412,4.64772
3.414,5.1213
3.416,5.645426
3.418,5.746896
3.42,4.896294
3.422,4.922404
3.424,4.916888
3.426,5.09047
3.428,5.161992
3.43,5.2341
3.432,5.136254
3.434,5.00828
3.436,5.5218
3.438,4.422058
3.44,4.778164
3.442,4.139132
3.444,4.131342
3.446,4.20967
3.448,4.538356
3.45,4.87487
3.452,4.535514
3.454,5.335288
3.456,5.217944
3.458,5.548954
3.46,5.764236
3.462,5.301286
3.464,5.041654
3.466,4.162626
3.468,3.892002
3.47,4.132438
3.472,3.875864
3.474,4.779872
3.476,4.588702
3.478,5.967562
3.48,5.091642
3.482,4.00363
3.484,3.588432
3.486,3.98984
3.488,3.907862
3.49,3.48389
3.492,3.274224
3.494,3.35692
3.496,3.755944
3.498,3.865824
3.5,3.723814
3.502,3.923168
3.504,5.12124
3.506,4.489584
3.508,3.73914
3.51,3.503966
3.512,3.558982
3.514,3.449516
3.516,3.745144
3.518,4.182748
3.52,3.406158
3.522,3.077122
3.524,3.437442
3.526,3.246238
3.528,2.973676
3.53,4.169858
3.532,3.39599
3.534,3.332152
3.536,3.453078
3.538,3.455194
3.54,3.335026
3.542,3.288356
3.544,3.672224
3.546,3.840634
3.548,3.508154
3.55,3.514136
3.552,3.62009
3.554,3.589886
3.556,3.375958
3.558,3.149924
3.56,3.001206
3.562,3.389002
3.564,3.267402
3.566,3.524366
3.568,3.11821
3.57,2.779292
3.572,3.02204
3.574,3.037568
3.576,3.346124
3.578,3.460296
3.58,3.415808
3.582,3.582672
3.584,3.037732
3.586,2.82161
3.588,3.40497
3.59,3.204628
3.592,3.245474
3.594,3.342216
3.596,2.81572
3.598,2.47036
3.6,3.160018
3.602,3.084826
3.604,3.109288
3.606,3.65516
3.608,3.730906
3.61,3.394684
3.612,2.750608
3.614,2.767938
3.616,2.78314
3.618,2.79416
3.62,2.948894
3.622,2.811094
3.624,2.787708
3.626,2.683842
3.628,2.658566
3.63,2.67976
3.632,4.33658
3.634,2.399224
3.636,2.278328
3.638,2.2189
3.64,2.269064
3.642,2.70525
3.644,2.61804
3.646,2.417546
3.648,2.219748
3.65,2.192866
3.652,2.22912
3.654,2.303408
3.656,2.331316
3.658,2.347792
3.66,2.313438
3.662,2.361746
3.664,2.395044
3.666,2.532204
3.668,2.471936
3.67,2.681382
3.672,2.37049
3.674,2.175876
3.676,2.923612
3.678,2.91212
3.68,2.55188
3.682,2.36012
3.684,2.589156
3.686,2.13191
3.688,2.562776
3.69,2.653336
3.692,2.423246
3.694,2.403854
3.696,2.623554
3.698,2.764016
3.7,2.854244
3.702,2.815746
3.704,2.890354
3.706,2.761672
3.708,2.4691
3.71,2.466858
3.712,2.555742
3.714,2.409566
3.716,2.709928
3.718,2.525734
3.72,2.481054
3.722,2.454428
3.724,2.350086
3.726,2.464898
3.728,2.436474
3.73,2.289848
3.732,2.18703
3.734,2.206926
3.736,2.104802
3.738,2.136572
3.74,2.235796
3.742,2.279706
3.744,2.548234
3.746,2.370732
3.748,2.208294
3.75,2.263916
3.752,2.322408
3.754,2.132122
3.756,2.071872
3.758,2.237718
3.76,2.283462
3.762,2.245784
3.764,2.413768
3.766,2.24051
3.768,2.189416
3.77,2.224256
3.772,2.438164
3.774,2.383686
3.776,2.195856
3.778,2.12582
3.78,2.188954
3.782,2.247084
3.784,2.298806
3.786,2.36424
3.788,2.282032
3.79,2.262314
3.792,2.298912
3.794,2.5515
3.796,2.42331
3.798,2.245834
3.8,2.198732
3.802,2.190916
3.804,2.289508
3.806,2.318772
3.808,2.30181
3.81,2.397546
3.812,2.254462
3.814,2.277796
3.816,2.170558
3.818,2.20168
3.82,2.231256
3.822,2.31145
3.824,2.327674
3.826,2.271046
3.828,2.182902
3.83,2.098406
3.832,2.06899
3.834,1.988422
3.836,2.036062
3.838,2.058388
3.84,2.08009
3.842,2.123744
3.844,2.194696
3.846,2.21169
3.848,2.29046
3.85,2.016286
3.852,1.922484
3.854,1.930742
3.856,1.821832
3.858,2.249592
3.86,1.962184
3.862,1.831616
3.864,1.720142
3.866,1.689304
3.868,1.759516
3.87,1.820744
3.872,1.790148
3.874,1.83626
3.876,1.922906
3.878,2.088158
3.88,1.670216
3.882,1.522342
3.884,2.449126
3.886,1.771158
3.888,1.590118
3.89,1.773122
3.892,2.10671
3.894,2.284346
3.896,1.589744
3.898,1.615214
3.9,1.90219
3.902,1.974718
3.904,2.024758
3.906,1.859718
3.908,2.0261
3.91,1.96704
3.912,1.710904
3.914,1.74167
3.916,1.806616
3.918,1.998858
3.92,2.163692
3.922,1.948974
3.924,1.84057
3.926,1.931688
3.928,1.82375
3.93,1.824938
3.932,1.895752
3.934,1.917952
3.936,1.796568
3.938,1.766216
3.94,1.800866
3.942,1.815402
3.944,1.869738
3.946,1.93625
3.948,2.031488
3.95,1.94129
3.952,1.987328
3.954,2.14116
3.956,2.23428
3.958,2.170024
3.96,2.051396
3.962,1.985752
3.964,1.94825
3.966,1.833682
3.968,1.86112
3.97,1.93276
3.972,1.94975
3.974,1.968218
3.976,1.943484
3.978,2.129538
3.98,1.986046
3.982,1.947772
3.984,2.121158
3.986,2.00657
3.988,2.148876
3.99,2.049642
3.992,2.193742
3.994,2.02755
3.996,2.103474
3.998,1.996572
4,2.317878
4.002,2.135706
4.004,2.418882
4.006,2.311994
4.008,2.212818
4.01,2.162774
4.012,2.237302
4.014,1.973174
4.016,1.932496
4.018,1.90592
4.02,2.00723
4.022,2.344582
4.024,2.12512
4.026,1.966494
4.028,1.971358
4.03,2.03576
4.032,1.90602
4.034,1.839472
4.036,1.826506
4.038,1.819278
4.04,2.240826
4.042,1.982748
4.044,1.9457
4.046,2.00091
4.048,2.066434
4.05,2.140202
4.052,2.219346
4.054,2.259906
4.056,2.095278
4.058,2.106048
4.06,2.145024
4.062,1.971818
4.064,2.003178
4.066,1.967764
4.068,1.939608
4.07,1.932068
4.072,2.200606
4.074,2.255542
4.076,2.2543
4.078,2.308926
4.08,2.394232
4.082,2.308628
4.084,2.195038
4.086,2.164484
4.088,2.153464
4.09,2.046682
4.092,1.969434
4.094,1.809314
4.096,1.732918
4.098,1.66395
4.1,1.692554
4.102,1.791624
4.104,1.882462
4.106,2.25646
4.108,2.299114
4.11,2.215602
4.112,1.903974
4.114,2.033066
4.116,2.09745
4.118,2.204132
4.12,2.245258
4.122,2.414618
4.124,2.271512
4.126,2.24766
4.128,2.280252
4.13,2.441584
4.132,2.52389
4.134,2.48081
4.136,2.407482
4.138,2.44457
4.14,2.616154
4.142,2.37591
4.144,2.212724
4.146,2.132108
4.148,2.071286
4.15,2.12059
4.152,2.269096
4.154,2.547486
4.156,2.429292
4.158,2.181248
4.16,2.02515
4.162,1.903984
4.164,2.01114
4.166,2.235406
4.168,2.279158
4.17,2.238984
4.172,2.181854
4.174,2.108134
4.176,2.049348
4.178,2.038914
4.18,2.149284
4.182,2.058682
4.184,1.913874
4.186,1.818732
4.188,1.806298
4.19,1.813156
4.192,1.794778
4.194,1.789124
4.196,1.765198
4.198,1.708914
4.2,1.585232
4.202,1.50591
4.204,1.522988
4.206,1.757128
4.208,1.880336
4.21,1.902696
4.212,1.973854
4.214,2.051376
4.216,1.998568
4.218,1.918306
4.22,1.913408
4.222,1.863548
4.224,1.92841
4.226,2.039414
4.228,2.006624
4.23,1.94113
4.232,1.942326
4.234,1.94306
4.236,2.15191
4.238,2.111072
4.24,2.001496
4.242,1.988908
4.244,1.927462
4.246,1.909312
4.248,1.896372
4.25,1.917552
4.252,1.929114
4.254,1.947242
4.256,1.968748
4.258,2.0155
4.26,2.051018
4.262,2.085244
4.264,2.093034
4.266,2.163842
4.268,2.618628
4.27,2.159112
4.272,2.106184
4.274,2.106218
4.276,2.282882
4.278,2.191922
4.28,2.090476
4.282,2.114452
4.284,2.098662
4.286,2.027198
4.288,2.152396
4.29,2.340572
4.292,2.538816
4.294,2.015294
4.296,1.96776
4.298,2.006632
4.3,2.136714
4.302,2.290814
4.304,2.444896
4.306,2.049252
4.308,1.971664
4.31,1.972082
4.312,2.06174
4.314,1.950514
4.316,1.971026
4.318,1.821932
4.32,1.770764
4.322,1.787182
4.324,1.953124
4.326,2.444734
4.328,2.130288
4.33,1.828978
4.332,1.716896
4.334,1.695598
4.336,1.69137
4.338,1.671554
4.34,1.638726
4.342,1.626532
4.344,1.61372
4.346,1.621964
4.348,1.626238
4.35,1.613292
4.352,1.595352
4.354,1.559038
4.356,1.536478
4.358,1.596762
4.36,1.665166
4.362,1.47309
4.364,1.45373
4.366,1.432146
4.368,1.405714
4.37,1.39544
4.372,1.383304
4.374,1.376224
4.376,1.356552
4.378,1.346932
4.38,1.329908
4.382,1.300488
4.384,1.26707
4.386,1.250624
4.388,1.255062
4.39,1.268788
4.392,1.270106
4.394,1.238424
4.396,1.20964
4.398,1.181836
4.4,1.137026
4.402,1.125012
4.404,1.117598
4.406,1.15059
4.408,1.18446
4.41,1.109786
4.412,1.09017
4.414,1.068992
4.416,1.048246
4.418,1.034548
4.42,1.017182
4.422,0.974548
4.424,0.955514
4.426,0.930966
4.428,0.901512
4.43,0.883412
4.432,0.86392
4.434,0.848822
4.436,0.835214
4.438,0.824662
4.44,0.814776
4.442,0.806178
4.444,0.7967
4.446,0.78292
4.448,0.77857
4.45,0.774208
4.452,0.766188
4.454,0.759312
4.456,0.750436
4.458,0.734596
4.46,0.719688
4.462,0.708568
4.464,0.70213
4.466,0.695782
4.468,0.691862
4.47,0.68777
4.472,0.68323
4.474,0.675736
4.476,0.666878
4.478,0.657986
4.48,0.649168
4.482,0.640474
4.484,0.632416
4.486,0.625598
4.488,0.618932
4.49,0.669728
4.492,0.6862
4.494,0.701298
4.496,0.698068
4.498,0.684718
4.5,0.672048
4.502,0.657556
4.504,0.645308
4.506,0.647512
4.508,0.653342
4.51,0.688054
4.512,0.667656
4.514,0.684736
4.516,0.65546
4.518,0.631844
4.52,0.610426
4.522,0.590904
4.524,0.575592
4.526,0.570686
4.528,0.56597
4.53,0.563372
4.532,0.575192
4.534,0.58556
4.536,0.594868
4.538,0.579228
4.54,0.570626
4.542,0.56665
4.544,0.561985
4.546,0.595408
4.548,0.5952568
4.55,0.5757242
4.552,0.5573988
4.554,0.5470958
4.556,0.562132
4.558,0.581142
4.56,0.58491
4.562,0.66075
4.564,0.5569942
4.566,0.5005112
4.568,0.509978
4.57,0.4718074
4.572,0.4463174
4.574,0.4380928
4.576,0.4377912
4.578,0.4437484
4.58,0.4719954
4.582,0.48764
4.584,0.5067494
4.586,0.5294716
4.588,0.4946446
4.59,0.4537464
4.592,0.4149914
4.594,0.3465512
4.596,0.332472
4.598,0.331477
4.6,0.331201
4.602,0.3323218
4.604,0.3316472
4.606,0.3287628
4.608,0.3282398
4.61,0.3277468
4.612,0.3169832
4.614,0.3164142
4.616,0.3157176
4.618,0.3149554
4.62,0.3141094
4.622,0.3149958
4.624,0.3186354
4.626,0.3210214
4.628,0.3226824
4.63,0.3244378
4.632,0.3262942
4.634,0.3282534
4.636,0.3303554
4.638,0.3325466
4.64,0.334425
4.642,0.3288294
4.644,0.3231776
4.646,0.3175186
4.648,0.3108342
4.65,0.3007496
4.652,0.300415
4.654,0.32389
4.656,0.348054
4.658,0.375395
4.66,0.4030304
4.662,0.431551
4.664,0.2108736
4.666,0.1993934
4.668,0.1934864
4.67,0.2151654
4.672,0.2447324
4.674,0.2595598
4.676,0.2685668
4.678,0.2774472
4.68,0.2424834
4.682,0.12720738
4.684,0.12217724
4.686,0.1720652
4.688,0.7692268
4.69,1.1839604
4.692,0
4.694,0
4.696,0
4.698,0
4.7,0
4.702,0
4.704,0
4.706,0
4.708,0
4.71,0
4.712,0
4.714,0
4.716,0
4.718,0
4.72,0
4.722,0
4.724,0
4.726,0
4.728,0
4.73,0
4.732,0
4.734,0
4.736,0
4.738,0
4.74,0
4.742,0
4.744,0
4.746,0
4.748,0
4.75,0
4.752,0
4.754,0
4.756,0
4.758,0
4.76,0
4.762,0
4.764,0
4.766,0
4.768,0
4.77,0
4.772,0
4.774,0
4.776,0
4.778,0
4.78,0
4.782,0
4.784,0
4.786,0
4.788,0
4.79,0
4.792,0
4.794,0
4.796,0
4.798,0
4.8,0
4.802,0
4.804,0
4.806,0
4.808,0
4.81,0
4.812,0
4.814,0
4.816,0
4.818,0
4.82,0
4.822,0
4.824,0
4.826,0
4.828,0
4.83,0
4.832,0
4.834,0
4.836,0
4.838,0
4.84,0
4.842,0
4.844,0
4.846,0
4.848,0
4.85,0
4.852,0
4.854,0
4.856,0
4.858,0
4.86,0
4.862,0
4.864,0
4.866,0
4.868,0
4.87,0
4.872,0
4.874,0
4.876,0
4.878,0
4.88,0
4.882,0
4.884,0
4.886,0
4.888,0
4.89,0
4.892,0
4.894,0
4.896,0
4.898,0
4.9,0
4.902,0
4.904,0
4.906,0
4.908,0
4.91,0
4.912,0
4.914,0
4.916,0
4.918,0
4.92,0
4.922,0
4.924,0
4.926,0
4.928,0
4.93,0
4.932,0
4.934,0
4.936,0
4.938,0
4.94,0
4.942,0
4.944,0
4.946,0
4.948,0
4.95,0
4.952,0
4.954,0
4.956,0
4.958,0
4.96,0
4.962,0
4.964,0
4.966,0
4.968,0
4.97,0
4.972,0
4.974,0
4.976,0
4.978,0
4.98,0
4.982,0
4.984,0
4.986,0
4.988,0
4.99,0
4.992,0
4.994,0
4.996,0
4.998,0
5,0
